roi_id,month,window_start,window_end_exclusive,output_file,band_index_1based,band_name,variable,acquisition_time_utc,time_start_ms,branch,source_id,source_collection,source_red,source_nir,source_qa,grid_crs,grid_transform,qa_applied,temporal_composite,interpolated,smoothed,ndvi_formula,ndvi_units,qa_storage,nodata,storage,version
EB_FOREST,2024-01,2024-01-01,2024-02-01,EB_FOREST_HLS_2024-01_g1_NDVI_FMASK_v1.tif,1,s0000_S30_20240102T031131000_NDVI,NDVI,2024-01-02T03:11:31.000Z,1704165091000,S30,NASA/HLS/HLSS30/v002/T49QEF_20240102T031131,NASA/HLS/HLSS30/v002,B4,B8A,Fmask,EPSG:32649,"[30,0,499980,0,-30,2600040]",false,false,false,false,(NIR-RED)/(NIR+RED); mask denominator=0; keep source masks,dimensionless; no further scale needed,exact_uint8_values_in_Float32,-9999,Float32,1.0
EB_FOREST,2024-01,2024-01-01,2024-02-01,EB_FOREST_HLS_2024-01_g1_NDVI_FMASK_v1.tif,2,s0000_S30_20240102T031131000_FMASK,FMASK,2024-01-02T03:11:31.000Z,1704165091000,S30,NASA/HLS/HLSS30/v002/T49QEF_20240102T031131,NASA/HLS/HLSS30/v002,B4,B8A,Fmask,EPSG:32649,"[30,0,499980,0,-30,2600040]",false,false,false,false,(NIR-RED)/(NIR+RED); mask denominator=0; keep source masks,dimensionless; no further scale needed,exact_uint8_values_in_Float32,-9999,Float32,1.0
EB_FOREST,2024-01,2024-01-01,2024-02-01,EB_FOREST_HLS_2024-01_g1_NDVI_FMASK_v1.tif,3,s0001_L30_20240103T025823000_NDVI,NDVI,2024-01-03T02:58:23.000Z,1704250703000,L30,NASA/HLS/HLSL30/v002/T49QEF_20240103T025823,NASA/HLS/HLSL30/v002,B4,B5,Fmask,EPSG:32649,"[30,0,499980,0,-30,2600040]",false,false,false,false,(NIR-RED)/(NIR+RED); mask denominator=0; keep source masks,dimensionless; no further scale needed,exact_uint8_values_in_Float32,-9999,Float32,1.0
EB_FOREST,2024-01,2024-01-01,2024-02-01,EB_FOREST_HLS_2024-01_g1_NDVI_FMASK_v1.tif,4,s0001_L30_20240103T025823000_FMASK,FMASK,2024-01-03T02:58:23.000Z,1704250703000,L30,NASA/HLS/HLSL30/v002/T49QEF_20240103T025823,NASA/HLS/HLSL30/v002,B4,B5,Fmask,EPSG:32649,"[30,0,499980,0,-30,2600040]",false,false,false,false,(NIR-RED)/(NIR+RED); mask denominator=0; keep source masks,dimensionless; no further scale needed,exact_uint8_values_in_Float32,-9999,Float32,1.0
EB_FOREST,2024-01,2024-01-01,2024-02-01,EB_FOREST_HLS_2024-01_g1_NDVI_FMASK_v1.tif,5,s0002_S30_20240107T031119000_NDVI,NDVI,2024-01-07T03:11:19.000Z,1704597079000,S30,NASA/HLS/HLSS30/v002/T49QEF_20240107T031119,NASA/HLS/HLSS30/v002,B4,B8A,Fmask,EPSG:32649,"[30,0,499980,0,-30,2600040]",false,false,false,false,(NIR-RED)/(NIR+RED); mask denominator=0; keep source masks,dimensionless; no further scale needed,exact_uint8_values_in_Float32,-9999,Float32,1.0
EB_FOREST,2024-01,2024-01-01,2024-02-01,EB_FOREST_HLS_2024-01_g1_NDVI_FMASK_v1.tif,6,s0002_S30_20240107T031119000_FMASK,FMASK,2024-01-07T03:11:19.000Z,1704597079000,S30,NASA/HLS/HLSS30/v002/T49QEF_20240107T031119,NASA/HLS/HLSS30/v002,B4,B8A,Fmask,EPSG:32649,"[30,0,499980,0,-30,2600040]",false,false,false,false,(NIR-RED)/(NIR+RED); mask denominator=0; keep source masks,dimensionless; no further scale needed,exact_uint8_values_in_Float32,-9999,Float32,1.0
EB_FOREST,2024-01,2024-01-01,2024-02-01,EB_FOREST_HLS_2024-01_g1_NDVI_FMASK_v1.tif,7,s0003_L30_20240111T025834000_NDVI,NDVI,2024-01-11T02:58:34.000Z,1704941914000,L30,NASA/HLS/HLSL30/v002/T49QEF_20240111T025834,NASA/HLS/HLSL30/v002,B4,B5,Fmask,EPSG:32649,"[30,0,499980,0,-30,2600040]",false,false,false,false,(NIR-RED)/(NIR+RED); mask denominator=0; keep source masks,dimensionless; no further scale needed,exact_uint8_values_in_Float32,-9999,Float32,1.0
EB_FOREST,2024-01,2024-01-01,2024-02-01,EB_FOREST_HLS_2024-01_g1_NDVI_FMASK_v1.tif,8,s0003_L30_20240111T025834000_FMASK,FMASK,2024-01-11T02:58:34.000Z,1704941914000,L30,NASA/HLS/HLSL30/v002/T49QEF_20240111T025834,NASA/HLS/HLSL30/v002,B4,B5,Fmask,EPSG:32649,"[30,0,499980,0,-30,2600040]",false,false,false,false,(NIR-RED)/(NIR+RED); mask denominator=0; keep source masks,dimensionless; no further scale needed,exact_uint8_values_in_Float32,-9999,Float32,1.0
EB_FOREST,2024-01,2024-01-01,2024-02-01,EB_FOREST_HLS_2024-01_g1_NDVI_FMASK_v1.tif,9,s0004_S30_20240112T031101000_NDVI,NDVI,2024-01-12T03:11:01.000Z,1705029061000,S30,NASA/HLS/HLSS30/v002/T49QEF_20240112T031101,NASA/HLS/HLSS30/v002,B4,B8A,Fmask,EPSG:32649,"[30,0,499980,0,-30,2600040]",false,false,false,false,(NIR-RED)/(NIR+RED); mask denominator=0; keep source masks,dimensionless; no further scale needed,exact_uint8_values_in_Float32,-9999,Float32,1.0
EB_FOREST,2024-01,2024-01-01,2024-02-01,EB_FOREST_HLS_2024-01_g1_NDVI_FMASK_v1.tif,10,s0004_S30_20240112T031101000_FMASK,FMASK,2024-01-12T03:11:01.000Z,1705029061000,S30,NASA/HLS/HLSS30/v002/T49QEF_20240112T031101,NASA/HLS/HLSS30/v002,B4,B8A,Fmask,EPSG:32649,"[30,0,499980,0,-30,2600040]",false,false,false,false,(NIR-RED)/(NIR+RED); mask denominator=0; keep source masks,dimensionless; no further scale needed,exact_uint8_values_in_Float32,-9999,Float32,1.0
EB_FOREST,2024-01,2024-01-01,2024-02-01,EB_FOREST_HLS_2024-01_g1_NDVI_FMASK_v1.tif,11,s0005_S30_20240117T031049000_NDVI,NDVI,2024-01-17T03:10:49.000Z,1705461049000,S30,NASA/HLS/HLSS30/v002/T49QEF_20240117T031049,NASA/HLS/HLSS30/v002,B4,B8A,Fmask,EPSG:32649,"[30,0,499980,0,-30,2600040]",false,false,false,false,(NIR-RED)/(NIR+RED); mask denominator=0; keep source masks,dimensionless; no further scale needed,exact_uint8_values_in_Float32,-9999,Float32,1.0
EB_FOREST,2024-01,2024-01-01,2024-02-01,EB_FOREST_HLS_2024-01_g1_NDVI_FMASK_v1.tif,12,s0005_S30_20240117T031049000_FMASK,FMASK,2024-01-17T03:10:49.000Z,1705461049000,S30,NASA/HLS/HLSS30/v002/T49QEF_20240117T031049,NASA/HLS/HLSS30/v002,B4,B8A,Fmask,EPSG:32649,"[30,0,499980,0,-30,2600040]",false,false,false,false,(NIR-RED)/(NIR+RED); mask denominator=0; keep source masks,dimensionless; no further scale needed,exact_uint8_values_in_Float32,-9999,Float32,1.0
EB_FOREST,2024-01,2024-01-01,2024-02-01,EB_FOREST_HLS_2024-01_g1_NDVI_FMASK_v1.tif,13,s0006_L30_20240119T025824000_NDVI,NDVI,2024-01-19T02:58:24.000Z,1705633104000,L30,NASA/HLS/HLSL30/v002/T49QEF_20240119T025824,NASA/HLS/HLSL30/v002,B4,B5,Fmask,EPSG:32649,"[30,0,499980,0,-30,2600040]",false,false,false,false,(NIR-RED)/(NIR+RED); mask denominator=0; keep source masks,dimensionless; no further scale needed,exact_uint8_values_in_Float32,-9999,Float32,1.0
EB_FOREST,2024-01,2024-01-01,2024-02-01,EB_FOREST_HLS_2024-01_g1_NDVI_FMASK_v1.tif,14,s0006_L30_20240119T025824000_FMASK,FMASK,2024-01-19T02:58:24.000Z,1705633104000,L30,NASA/HLS/HLSL30/v002/T49QEF_20240119T025824,NASA/HLS/HLSL30/v002,B4,B5,Fmask,EPSG:32649,"[30,0,499980,0,-30,2600040]",false,false,false,false,(NIR-RED)/(NIR+RED); mask denominator=0; keep source masks,dimensionless; no further scale needed,exact_uint8_values_in_Float32,-9999,Float32,1.0
EB_FOREST,2024-02,2024-02-01,2024-03-01,EB_FOREST_HLS_2024-02_g1_NDVI_FMASK_v1.tif,1,s0000_S30_20240201T030941000_NDVI,NDVI,2024-02-01T03:09:41.000Z,1706756981000,S30,NASA/HLS/HLSS30/v002/T49QEF_20240201T030941,NASA/HLS/HLSS30/v002,B4,B8A,Fmask,EPSG:32649,"[30,0,499980,0,-30,2600040]",false,false,false,false,(NIR-RED)/(NIR+RED); mask denominator=0; keep source masks,dimensionless; no further scale needed,exact_uint8_values_in_Float32,-9999,Float32,1.0
EB_FOREST,2024-02,2024-02-01,2024-03-01,EB_FOREST_HLS_2024-02_g1_NDVI_FMASK_v1.tif,2,s0000_S30_20240201T030941000_FMASK,FMASK,2024-02-01T03:09:41.000Z,1706756981000,S30,NASA/HLS/HLSS30/v002/T49QEF_20240201T030941,NASA/HLS/HLSS30/v002,B4,B8A,Fmask,EPSG:32649,"[30,0,499980,0,-30,2600040]",false,false,false,false,(NIR-RED)/(NIR+RED); mask denominator=0; keep source masks,dimensionless; no further scale needed,exact_uint8_values_in_Float32,-9999,Float32,1.0
EB_FOREST,2024-02,2024-02-01,2024-03-01,EB_FOREST_HLS_2024-02_g1_NDVI_FMASK_v1.tif,3,s0001_S30_20240211T030851000_NDVI,NDVI,2024-02-11T03:08:51.000Z,1707620931000,S30,NASA/HLS/HLSS30/v002/T49QEF_20240211T030851,NASA/HLS/HLSS30/v002,B4,B8A,Fmask,EPSG:32649,"[30,0,499980,0,-30,2600040]",false,false,false,false,(NIR-RED)/(NIR+RED); mask denominator=0; keep source masks,dimensionless; no further scale needed,exact_uint8_values_in_Float32,-9999,Float32,1.0
EB_FOREST,2024-02,2024-02-01,2024-03-01,EB_FOREST_HLS_2024-02_g1_NDVI_FMASK_v1.tif,4,s0001_S30_20240211T030851000_FMASK,FMASK,2024-02-11T03:08:51.000Z,1707620931000,S30,NASA/HLS/HLSS30/v002/T49QEF_20240211T030851,NASA/HLS/HLSS30/v002,B4,B8A,Fmask,EPSG:32649,"[30,0,499980,0,-30,2600040]",false,false,false,false,(NIR-RED)/(NIR+RED); mask denominator=0; keep source masks,dimensionless; no further scale needed,exact_uint8_values_in_Float32,-9999,Float32,1.0
EB_FOREST,2024-02,2024-02-01,2024-03-01,EB_FOREST_HLS_2024-02_g1_NDVI_FMASK_v1.tif,5,s0002_L30_20240212T025835000_NDVI,NDVI,2024-02-12T02:58:35.000Z,1707706715000,L30,NASA/HLS/HLSL30/v002/T49QEF_20240212T025835,NASA/HLS/HLSL30/v002,B4,B5,Fmask,EPSG:32649,"[30,0,499980,0,-30,2600040]",false,false,false,false,(NIR-RED)/(NIR+RED); mask denominator=0; keep source masks,dimensionless; no further scale needed,exact_uint8_values_in_Float32,-9999,Float32,1.0
EB_FOREST,2024-02,2024-02-01,2024-03-01,EB_FOREST_HLS_2024-02_g1_NDVI_FMASK_v1.tif,6,s0002_L30_20240212T025835000_FMASK,FMASK,2024-02-12T02:58:35.000Z,1707706715000,L30,NASA/HLS/HLSL30/v002/T49QEF_20240212T025835,NASA/HLS/HLSL30/v002,B4,B5,Fmask,EPSG:32649,"[30,0,499980,0,-30,2600040]",false,false,false,false,(NIR-RED)/(NIR+RED); mask denominator=0; keep source masks,dimensionless; no further scale needed,exact_uint8_values_in_Float32,-9999,Float32,1.0
EB_FOREST,2024-02,2024-02-01,2024-03-01,EB_FOREST_HLS_2024-02_g1_NDVI_FMASK_v1.tif,7,s0003_S30_20240216T030819000_NDVI,NDVI,2024-02-16T03:08:19.000Z,1708052899000,S30,NASA/HLS/HLSS30/v002/T49QEF_20240216T030819,NASA/HLS/HLSS30/v002,B4,B8A,Fmask,EPSG:32649,"[30,0,499980,0,-30,2600040]",false,false,false,false,(NIR-RED)/(NIR+RED); mask denominator=0; keep source masks,dimensionless; no further scale needed,exact_uint8_values_in_Float32,-9999,Float32,1.0
EB_FOREST,2024-02,2024-02-01,2024-03-01,EB_FOREST_HLS_2024-02_g1_NDVI_FMASK_v1.tif,8,s0003_S30_20240216T030819000_FMASK,FMASK,2024-02-16T03:08:19.000Z,1708052899000,S30,NASA/HLS/HLSS30/v002/T49QEF_20240216T030819,NASA/HLS/HLSS30/v002,B4,B8A,Fmask,EPSG:32649,"[30,0,499980,0,-30,2600040]",false,false,false,false,(NIR-RED)/(NIR+RED); mask denominator=0; keep source masks,dimensionless; no further scale needed,exact_uint8_values_in_Float32,-9999,Float32,1.0
EB_FOREST,2024-02,2024-02-01,2024-03-01,EB_FOREST_HLS_2024-02_g1_NDVI_FMASK_v1.tif,9,s0004_L30_20240220T025821000_NDVI,NDVI,2024-02-20T02:58:21.000Z,1708397901000,L30,NASA/HLS/HLSL30/v002/T49QEF_20240220T025821,NASA/HLS/HLSL30/v002,B4,B5,Fmask,EPSG:32649,"[30,0,499980,0,-30,2600040]",false,false,false,false,(NIR-RED)/(NIR+RED); mask denominator=0; keep source masks,dimensionless; no further scale needed,exact_uint8_values_in_Float32,-9999,Float32,1.0
EB_FOREST,2024-02,2024-02-01,2024-03-01,EB_FOREST_HLS_2024-02_g1_NDVI_FMASK_v1.tif,10,s0004_L30_20240220T025821000_FMASK,FMASK,2024-02-20T02:58:21.000Z,1708397901000,L30,NASA/HLS/HLSL30/v002/T49QEF_20240220T025821,NASA/HLS/HLSL30/v002,B4,B5,Fmask,EPSG:32649,"[30,0,499980,0,-30,2600040]",false,false,false,false,(NIR-RED)/(NIR+RED); mask denominator=0; keep source masks,dimensionless; no further scale needed,exact_uint8_values_in_Float32,-9999,Float32,1.0
EB_FOREST,2024-02,2024-02-01,2024-03-01,EB_FOREST_HLS_2024-02_g1_NDVI_FMASK_v1.tif,11,s0005_S30_20240221T030741000_NDVI,NDVI,2024-02-21T03:07:41.000Z,1708484861000,S30,NASA/HLS/HLSS30/v002/T49QEF_20240221T030741,NASA/HLS/HLSS30/v002,B4,B8A,Fmask,EPSG:32649,"[30,0,499980,0,-30,2600040]",false,false,false,false,(NIR-RED)/(NIR+RED); mask denominator=0; keep source masks,dimensionless; no further scale needed,exact_uint8_values_in_Float32,-9999,Float32,1.0
EB_FOREST,2024-02,2024-02-01,2024-03-01,EB_FOREST_HLS_2024-02_g1_NDVI_FMASK_v1.tif,12,s0005_S30_20240221T030741000_FMASK,FMASK,2024-02-21T03:07:41.000Z,1708484861000,S30,NASA/HLS/HLSS30/v002/T49QEF_20240221T030741,NASA/HLS/HLSS30/v002,B4,B8A,Fmask,EPSG:32649,"[30,0,499980,0,-30,2600040]",false,false,false,false,(NIR-RED)/(NIR+RED); mask denominator=0; keep source masks,dimensionless; no further scale needed,exact_uint8_values_in_Float32,-9999,Float32,1.0
EB_FOREST,2024-03,2024-03-01,2024-04-01,EB_FOREST_HLS_2024-03_g1_NDVI_FMASK_v1.tif,1,s0000_S30_20240312T030521000_NDVI,NDVI,2024-03-12T03:05:21.000Z,1710212721000,S30,NASA/HLS/HLSS30/v002/T49QEF_20240312T030521,NASA/HLS/HLSS30/v002,B4,B8A,Fmask,EPSG:32649,"[30,0,499980,0,-30,2600040]",false,false,false,false,(NIR-RED)/(NIR+RED); mask denominator=0; keep source masks,dimensionless; no further scale needed,exact_uint8_values_in_Float32,-9999,Float32,1.0
EB_FOREST,2024-03,2024-03-01,2024-04-01,EB_FOREST_HLS_2024-03_g1_NDVI_FMASK_v1.tif,2,s0000_S30_20240312T030521000_FMASK,FMASK,2024-03-12T03:05:21.000Z,1710212721000,S30,NASA/HLS/HLSS30/v002/T49QEF_20240312T030521,NASA/HLS/HLSS30/v002,B4,B8A,Fmask,EPSG:32649,"[30,0,499980,0,-30,2600040]",false,false,false,false,(NIR-RED)/(NIR+RED); mask denominator=0; keep source masks,dimensionless; no further scale needed,exact_uint8_values_in_Float32,-9999,Float32,1.0
EB_FOREST,2024-03,2024-03-01,2024-04-01,EB_FOREST_HLS_2024-03_g1_NDVI_FMASK_v1.tif,3,s0001_S30_20240327T030519000_NDVI,NDVI,2024-03-27T03:05:19.000Z,1711508719000,S30,NASA/HLS/HLSS30/v002/T49QEF_20240327T030519,NASA/HLS/HLSS30/v002,B4,B8A,Fmask,EPSG:32649,"[30,0,499980,0,-30,2600040]",false,false,false,false,(NIR-RED)/(NIR+RED); mask denominator=0; keep source masks,dimensionless; no further scale needed,exact_uint8_values_in_Float32,-9999,Float32,1.0
EB_FOREST,2024-03,2024-03-01,2024-04-01,EB_FOREST_HLS_2024-03_g1_NDVI_FMASK_v1.tif,4,s0001_S30_20240327T030519000_FMASK,FMASK,2024-03-27T03:05:19.000Z,1711508719000,S30,NASA/HLS/HLSS30/v002/T49QEF_20240327T030519,NASA/HLS/HLSS30/v002,B4,B8A,Fmask,EPSG:32649,"[30,0,499980,0,-30,2600040]",false,false,false,false,(NIR-RED)/(NIR+RED); mask denominator=0; keep source masks,dimensionless; no further scale needed,exact_uint8_values_in_Float32,-9999,Float32,1.0
EB_FOREST,2024-03,2024-03-01,2024-04-01,EB_FOREST_HLS_2024-03_g1_NDVI_FMASK_v1.tif,5,s0002_L30_20240331T025818000_NDVI,NDVI,2024-03-31T02:58:18.000Z,1711853898000,L30,NASA/HLS/HLSL30/v002/T49QEF_20240331T025818,NASA/HLS/HLSL30/v002,B4,B5,Fmask,EPSG:32649,"[30,0,499980,0,-30,2600040]",false,false,false,false,(NIR-RED)/(NIR+RED); mask denominator=0; keep source masks,dimensionless; no further scale needed,exact_uint8_values_in_Float32,-9999,Float32,1.0
EB_FOREST,2024-03,2024-03-01,2024-04-01,EB_FOREST_HLS_2024-03_g1_NDVI_FMASK_v1.tif,6,s0002_L30_20240331T025818000_FMASK,FMASK,2024-03-31T02:58:18.000Z,1711853898000,L30,NASA/HLS/HLSL30/v002/T49QEF_20240331T025818,NASA/HLS/HLSL30/v002,B4,B5,Fmask,EPSG:32649,"[30,0,499980,0,-30,2600040]",false,false,false,false,(NIR-RED)/(NIR+RED); mask denominator=0; keep source masks,dimensionless; no further scale needed,exact_uint8_values_in_Float32,-9999,Float32,1.0
EB_FOREST,2024-04,2024-04-01,2024-05-01,EB_FOREST_HLS_2024-04_g1_NDVI_FMASK_v1.tif,1,s0000_S30_20240401T030521000_NDVI,NDVI,2024-04-01T03:05:21.000Z,1711940721000,S30,NASA/HLS/HLSS30/v002/T49QEF_20240401T030521,NASA/HLS/HLSS30/v002,B4,B8A,Fmask,EPSG:32649,"[30,0,499980,0,-30,2600040]",false,false,false,false,(NIR-RED)/(NIR+RED); mask denominator=0; keep source masks,dimensionless; no further scale needed,exact_uint8_values_in_Float32,-9999,Float32,1.0
EB_FOREST,2024-04,2024-04-01,2024-05-01,EB_FOREST_HLS_2024-04_g1_NDVI_FMASK_v1.tif,2,s0000_S30_20240401T030521000_FMASK,FMASK,2024-04-01T03:05:21.000Z,1711940721000,S30,NASA/HLS/HLSS30/v002/T49QEF_20240401T030521,NASA/HLS/HLSS30/v002,B4,B8A,Fmask,EPSG:32649,"[30,0,499980,0,-30,2600040]",false,false,false,false,(NIR-RED)/(NIR+RED); mask denominator=0; keep source masks,dimensionless; no further scale needed,exact_uint8_values_in_Float32,-9999,Float32,1.0
EB_FOREST,2024-04,2024-04-01,2024-05-01,EB_FOREST_HLS_2024-04_g1_NDVI_FMASK_v1.tif,3,s0001_S30_20240411T030521000_NDVI,NDVI,2024-04-11T03:05:21.000Z,1712804721000,S30,NASA/HLS/HLSS30/v002/T49QEF_20240411T030521,NASA/HLS/HLSS30/v002,B4,B8A,Fmask,EPSG:32649,"[30,0,499980,0,-30,2600040]",false,false,false,false,(NIR-RED)/(NIR+RED); mask denominator=0; keep source masks,dimensionless; no further scale needed,exact_uint8_values_in_Float32,-9999,Float32,1.0
EB_FOREST,2024-04,2024-04-01,2024-05-01,EB_FOREST_HLS_2024-04_g1_NDVI_FMASK_v1.tif,4,s0001_S30_20240411T030521000_FMASK,FMASK,2024-04-11T03:05:21.000Z,1712804721000,S30,NASA/HLS/HLSS30/v002/T49QEF_20240411T030521,NASA/HLS/HLSS30/v002,B4,B8A,Fmask,EPSG:32649,"[30,0,499980,0,-30,2600040]",false,false,false,false,(NIR-RED)/(NIR+RED); mask denominator=0; keep source masks,dimensionless; no further scale needed,exact_uint8_values_in_Float32,-9999,Float32,1.0
EB_FOREST,2024-04,2024-04-01,2024-05-01,EB_FOREST_HLS_2024-04_g1_NDVI_FMASK_v1.tif,5,s0002_L30_20240416T025810000_NDVI,NDVI,2024-04-16T02:58:10.000Z,1713236290000,L30,NASA/HLS/HLSL30/v002/T49QEF_20240416T025810,NASA/HLS/HLSL30/v002,B4,B5,Fmask,EPSG:32649,"[30,0,499980,0,-30,2600040]",false,false,false,false,(NIR-RED)/(NIR+RED); mask denominator=0; keep source masks,dimensionless; no further scale needed,exact_uint8_values_in_Float32,-9999,Float32,1.0
EB_FOREST,2024-04,2024-04-01,2024-05-01,EB_FOREST_HLS_2024-04_g1_NDVI_FMASK_v1.tif,6,s0002_L30_20240416T025810000_FMASK,FMASK,2024-04-16T02:58:10.000Z,1713236290000,L30,NASA/HLS/HLSL30/v002/T49QEF_20240416T025810,NASA/HLS/HLSL30/v002,B4,B5,Fmask,EPSG:32649,"[30,0,499980,0,-30,2600040]",false,false,false,false,(NIR-RED)/(NIR+RED); mask denominator=0; keep source masks,dimensionless; no further scale needed,exact_uint8_values_in_Float32,-9999,Float32,1.0
EB_FOREST,2024-04,2024-04-01,2024-05-01,EB_FOREST_HLS_2024-04_g1_NDVI_FMASK_v1.tif,7,s0003_S30_20240416T030529000_NDVI,NDVI,2024-04-16T03:05:29.000Z,1713236729000,S30,NASA/HLS/HLSS30/v002/T49QEF_20240416T030529,NASA/HLS/HLSS30/v002,B4,B8A,Fmask,EPSG:32649,"[30,0,499980,0,-30,2600040]",false,false,false,false,(NIR-RED)/(NIR+RED); mask denominator=0; keep source masks,dimensionless; no further scale needed,exact_uint8_values_in_Float32,-9999,Float32,1.0
EB_FOREST,2024-04,2024-04-01,2024-05-01,EB_FOREST_HLS_2024-04_g1_NDVI_FMASK_v1.tif,8,s0003_S30_20240416T030529000_FMASK,FMASK,2024-04-16T03:05:29.000Z,1713236729000,S30,NASA/HLS/HLSS30/v002/T49QEF_20240416T030529,NASA/HLS/HLSS30/v002,B4,B8A,Fmask,EPSG:32649,"[30,0,499980,0,-30,2600040]",false,false,false,false,(NIR-RED)/(NIR+RED); mask denominator=0; keep source masks,dimensionless; no further scale needed,exact_uint8_values_in_Float32,-9999,Float32,1.0
EB_FOREST,2024-04,2024-04-01,2024-05-01,EB_FOREST_HLS_2024-04_g1_NDVI_FMASK_v1.tif,9,s0004_L30_20240424T025745000_NDVI,NDVI,2024-04-24T02:57:45.000Z,1713927465000,L30,NASA/HLS/HLSL30/v002/T49QEF_20240424T025745,NASA/HLS/HLSL30/v002,B4,B5,Fmask,EPSG:32649,"[30,0,499980,0,-30,2600040]",false,false,false,false,(NIR-RED)/(NIR+RED); mask denominator=0; keep source masks,dimensionless; no further scale needed,exact_uint8_values_in_Float32,-9999,Float32,1.0
EB_FOREST,2024-04,2024-04-01,2024-05-01,EB_FOREST_HLS_2024-04_g1_NDVI_FMASK_v1.tif,10,s0004_L30_20240424T025745000_FMASK,FMASK,2024-04-24T02:57:45.000Z,1713927465000,L30,NASA/HLS/HLSL30/v002/T49QEF_20240424T025745,NASA/HLS/HLSL30/v002,B4,B5,Fmask,EPSG:32649,"[30,0,499980,0,-30,2600040]",false,false,false,false,(NIR-RED)/(NIR+RED); mask denominator=0; keep source masks,dimensionless; no further scale needed,exact_uint8_values_in_Float32,-9999,Float32,1.0
EB_FOREST,2024-04,2024-04-01,2024-05-01,EB_FOREST_HLS_2024-04_g1_NDVI_FMASK_v1.tif,11,s0005_S30_20240426T030519000_NDVI,NDVI,2024-04-26T03:05:19.000Z,1714100719000,S30,NASA/HLS/HLSS30/v002/T49QEF_20240426T030519,NASA/HLS/HLSS30/v002,B4,B8A,Fmask,EPSG:32649,"[30,0,499980,0,-30,2600040]",false,false,false,false,(NIR-RED)/(NIR+RED); mask denominator=0; keep source masks,dimensionless; no further scale needed,exact_uint8_values_in_Float32,-9999,Float32,1.0
EB_FOREST,2024-04,2024-04-01,2024-05-01,EB_FOREST_HLS_2024-04_g1_NDVI_FMASK_v1.tif,12,s0005_S30_20240426T030519000_FMASK,FMASK,2024-04-26T03:05:19.000Z,1714100719000,S30,NASA/HLS/HLSS30/v002/T49QEF_20240426T030519,NASA/HLS/HLSS30/v002,B4,B8A,Fmask,EPSG:32649,"[30,0,499980,0,-30,2600040]",false,false,false,false,(NIR-RED)/(NIR+RED); mask denominator=0; keep source masks,dimensionless; no further scale needed,exact_uint8_values_in_Float32,-9999,Float32,1.0
EB_FOREST,2024-05,2024-05-01,2024-06-01,EB_FOREST_HLS_2024-05_g1_NDVI_FMASK_v1.tif,1,s0000_S30_20240501T030551000_NDVI,NDVI,2024-05-01T03:05:51.000Z,1714532751000,S30,NASA/HLS/HLSS30/v002/T49QEF_20240501T030551,NASA/HLS/HLSS30/v002,B4,B8A,Fmask,EPSG:32649,"[30,0,499980,0,-30,2600040]",false,false,false,false,(NIR-RED)/(NIR+RED); mask denominator=0; keep source masks,dimensionless; no further scale needed,exact_uint8_values_in_Float32,-9999,Float32,1.0
EB_FOREST,2024-05,2024-05-01,2024-06-01,EB_FOREST_HLS_2024-05_g1_NDVI_FMASK_v1.tif,2,s0000_S30_20240501T030551000_FMASK,FMASK,2024-05-01T03:05:51.000Z,1714532751000,S30,NASA/HLS/HLSS30/v002/T49QEF_20240501T030551,NASA/HLS/HLSS30/v002,B4,B8A,Fmask,EPSG:32649,"[30,0,499980,0,-30,2600040]",false,false,false,false,(NIR-RED)/(NIR+RED); mask denominator=0; keep source masks,dimensionless; no further scale needed,exact_uint8_values_in_Float32,-9999,Float32,1.0
EB_FOREST,2024-05,2024-05-01,2024-06-01,EB_FOREST_HLS_2024-05_g1_NDVI_FMASK_v1.tif,3,s0001_S30_20240506T030529000_NDVI,NDVI,2024-05-06T03:05:29.000Z,1714964729000,S30,NASA/HLS/HLSS30/v002/T49QEF_20240506T030529,NASA/HLS/HLSS30/v002,B4,B8A,Fmask,EPSG:32649,"[30,0,499980,0,-30,2600040]",false,false,false,false,(NIR-RED)/(NIR+RED); mask denominator=0; keep source masks,dimensionless; no further scale needed,exact_uint8_values_in_Float32,-9999,Float32,1.0
EB_FOREST,2024-05,2024-05-01,2024-06-01,EB_FOREST_HLS_2024-05_g1_NDVI_FMASK_v1.tif,4,s0001_S30_20240506T030529000_FMASK,FMASK,2024-05-06T03:05:29.000Z,1714964729000,S30,NASA/HLS/HLSS30/v002/T49QEF_20240506T030529,NASA/HLS/HLSS30/v002,B4,B8A,Fmask,EPSG:32649,"[30,0,499980,0,-30,2600040]",false,false,false,false,(NIR-RED)/(NIR+RED); mask denominator=0; keep source masks,dimensionless; no further scale needed,exact_uint8_values_in_Float32,-9999,Float32,1.0
EB_FOREST,2024-05,2024-05-01,2024-06-01,EB_FOREST_HLS_2024-05_g1_NDVI_FMASK_v1.tif,5,s0002_S30_20240511T030551000_NDVI,NDVI,2024-05-11T03:05:51.000Z,1715396751000,S30,NASA/HLS/HLSS30/v002/T49QEF_20240511T030551,NASA/HLS/HLSS30/v002,B4,B8A,Fmask,EPSG:32649,"[30,0,499980,0,-30,2600040]",false,false,false,false,(NIR-RED)/(NIR+RED); mask denominator=0; keep source masks,dimensionless; no further scale needed,exact_uint8_values_in_Float32,-9999,Float32,1.0
EB_FOREST,2024-05,2024-05-01,2024-06-01,EB_FOREST_HLS_2024-05_g1_NDVI_FMASK_v1.tif,6,s0002_S30_20240511T030551000_FMASK,FMASK,2024-05-11T03:05:51.000Z,1715396751000,S30,NASA/HLS/HLSS30/v002/T49QEF_20240511T030551,NASA/HLS/HLSS30/v002,B4,B8A,Fmask,EPSG:32649,"[30,0,499980,0,-30,2600040]",false,false,false,false,(NIR-RED)/(NIR+RED); mask denominator=0; keep source masks,dimensionless; no further scale needed,exact_uint8_values_in_Float32,-9999,Float32,1.0
EB_FOREST,2024-05,2024-05-01,2024-06-01,EB_FOREST_HLS_2024-05_g1_NDVI_FMASK_v1.tif,7,s0003_S30_20240516T030519000_NDVI,NDVI,2024-05-16T03:05:19.000Z,1715828719000,S30,NASA/HLS/HLSS30/v002/T49QEF_20240516T030519,NASA/HLS/HLSS30/v002,B4,B8A,Fmask,EPSG:32649,"[30,0,499980,0,-30,2600040]",false,false,false,false,(NIR-RED)/(NIR+RED); mask denominator=0; keep source masks,dimensionless; no further scale needed,exact_uint8_values_in_Float32,-9999,Float32,1.0
EB_FOREST,2024-05,2024-05-01,2024-06-01,EB_FOREST_HLS_2024-05_g1_NDVI_FMASK_v1.tif,8,s0003_S30_20240516T030519000_FMASK,FMASK,2024-05-16T03:05:19.000Z,1715828719000,S30,NASA/HLS/HLSS30/v002/T49QEF_20240516T030519,NASA/HLS/HLSS30/v002,B4,B8A,Fmask,EPSG:32649,"[30,0,499980,0,-30,2600040]",false,false,false,false,(NIR-RED)/(NIR+RED); mask denominator=0; keep source masks,dimensionless; no further scale needed,exact_uint8_values_in_Float32,-9999,Float32,1.0
EB_FOREST,2024-06,2024-06-01,2024-07-01,EB_FOREST_HLS_2024-06_g1_NDVI_FMASK_v1.tif,1,s0000_S30_20240610T030531000_NDVI,NDVI,2024-06-10T03:05:31.000Z,1717988731000,S30,NASA/HLS/HLSS30/v002/T49QEF_20240610T030531,NASA/HLS/HLSS30/v002,B4,B8A,Fmask,EPSG:32649,"[30,0,499980,0,-30,2600040]",false,false,false,false,(NIR-RED)/(NIR+RED); mask denominator=0; keep source masks,dimensionless; no further scale needed,exact_uint8_values_in_Float32,-9999,Float32,1.0
EB_FOREST,2024-06,2024-06-01,2024-07-01,EB_FOREST_HLS_2024-06_g1_NDVI_FMASK_v1.tif,2,s0000_S30_20240610T030531000_FMASK,FMASK,2024-06-10T03:05:31.000Z,1717988731000,S30,NASA/HLS/HLSS30/v002/T49QEF_20240610T030531,NASA/HLS/HLSS30/v002,B4,B8A,Fmask,EPSG:32649,"[30,0,499980,0,-30,2600040]",false,false,false,false,(NIR-RED)/(NIR+RED); mask denominator=0; keep source masks,dimensionless; no further scale needed,exact_uint8_values_in_Float32,-9999,Float32,1.0
EB_FOREST,2024-06,2024-06-01,2024-07-01,EB_FOREST_HLS_2024-06_g1_NDVI_FMASK_v1.tif,3,s0001_L30_20240619T025725000_NDVI,NDVI,2024-06-19T02:57:25.000Z,1718765845000,L30,NASA/HLS/HLSL30/v002/T49QEF_20240619T025725,NASA/HLS/HLSL30/v002,B4,B5,Fmask,EPSG:32649,"[30,0,499980,0,-30,2600040]",false,false,false,false,(NIR-RED)/(NIR+RED); mask denominator=0; keep source masks,dimensionless; no further scale needed,exact_uint8_values_in_Float32,-9999,Float32,1.0
EB_FOREST,2024-06,2024-06-01,2024-07-01,EB_FOREST_HLS_2024-06_g1_NDVI_FMASK_v1.tif,4,s0001_L30_20240619T025725000_FMASK,FMASK,2024-06-19T02:57:25.000Z,1718765845000,L30,NASA/HLS/HLSL30/v002/T49QEF_20240619T025725,NASA/HLS/HLSL30/v002,B4,B5,Fmask,EPSG:32649,"[30,0,499980,0,-30,2600040]",false,false,false,false,(NIR-RED)/(NIR+RED); mask denominator=0; keep source masks,dimensionless; no further scale needed,exact_uint8_values_in_Float32,-9999,Float32,1.0
EB_FOREST,2024-06,2024-06-01,2024-07-01,EB_FOREST_HLS_2024-06_g1_NDVI_FMASK_v1.tif,5,s0002_S30_20240620T030531000_NDVI,NDVI,2024-06-20T03:05:31.000Z,1718852731000,S30,NASA/HLS/HLSS30/v002/T49QEF_20240620T030531,NASA/HLS/HLSS30/v002,B4,B8A,Fmask,EPSG:32649,"[30,0,499980,0,-30,2600040]",false,false,false,false,(NIR-RED)/(NIR+RED); mask denominator=0; keep source masks,dimensionless; no further scale needed,exact_uint8_values_in_Float32,-9999,Float32,1.0
EB_FOREST,2024-06,2024-06-01,2024-07-01,EB_FOREST_HLS_2024-06_g1_NDVI_FMASK_v1.tif,6,s0002_S30_20240620T030531000_FMASK,FMASK,2024-06-20T03:05:31.000Z,1718852731000,S30,NASA/HLS/HLSS30/v002/T49QEF_20240620T030531,NASA/HLS/HLSS30/v002,B4,B8A,Fmask,EPSG:32649,"[30,0,499980,0,-30,2600040]",false,false,false,false,(NIR-RED)/(NIR+RED); mask denominator=0; keep source masks,dimensionless; no further scale needed,exact_uint8_values_in_Float32,-9999,Float32,1.0
EB_FOREST,2024-06,2024-06-01,2024-07-01,EB_FOREST_HLS_2024-06_g1_NDVI_FMASK_v1.tif,7,s0003_L30_20240627T025734000_NDVI,NDVI,2024-06-27T02:57:34.000Z,1719457054000,L30,NASA/HLS/HLSL30/v002/T49QEF_20240627T025734,NASA/HLS/HLSL30/v002,B4,B5,Fmask,EPSG:32649,"[30,0,499980,0,-30,2600040]",false,false,false,false,(NIR-RED)/(NIR+RED); mask denominator=0; keep source masks,dimensionless; no further scale needed,exact_uint8_values_in_Float32,-9999,Float32,1.0
EB_FOREST,2024-06,2024-06-01,2024-07-01,EB_FOREST_HLS_2024-06_g1_NDVI_FMASK_v1.tif,8,s0003_L30_20240627T025734000_FMASK,FMASK,2024-06-27T02:57:34.000Z,1719457054000,L30,NASA/HLS/HLSL30/v002/T49QEF_20240627T025734,NASA/HLS/HLSL30/v002,B4,B5,Fmask,EPSG:32649,"[30,0,499980,0,-30,2600040]",false,false,false,false,(NIR-RED)/(NIR+RED); mask denominator=0; keep source masks,dimensionless; no further scale needed,exact_uint8_values_in_Float32,-9999,Float32,1.0
EB_FOREST,2024-07,2024-07-01,2024-08-01,EB_FOREST_HLS_2024-07_g1_NDVI_FMASK_v1.tif,1,s0000_L30_20240705T025734000_NDVI,NDVI,2024-07-05T02:57:34.000Z,1720148254000,L30,NASA/HLS/HLSL30/v002/T49QEF_20240705T025734,NASA/HLS/HLSL30/v002,B4,B5,Fmask,EPSG:32649,"[30,0,499980,0,-30,2600040]",false,false,false,false,(NIR-RED)/(NIR+RED); mask denominator=0; keep source masks,dimensionless; no further scale needed,exact_uint8_values_in_Float32,-9999,Float32,1.0
EB_FOREST,2024-07,2024-07-01,2024-08-01,EB_FOREST_HLS_2024-07_g1_NDVI_FMASK_v1.tif,2,s0000_L30_20240705T025734000_FMASK,FMASK,2024-07-05T02:57:34.000Z,1720148254000,L30,NASA/HLS/HLSL30/v002/T49QEF_20240705T025734,NASA/HLS/HLSL30/v002,B4,B5,Fmask,EPSG:32649,"[30,0,499980,0,-30,2600040]",false,false,false,false,(NIR-RED)/(NIR+RED); mask denominator=0; keep source masks,dimensionless; no further scale needed,exact_uint8_values_in_Float32,-9999,Float32,1.0
EB_FOREST,2024-07,2024-07-01,2024-08-01,EB_FOREST_HLS_2024-07_g1_NDVI_FMASK_v1.tif,3,s0001_S30_20240705T030529000_NDVI,NDVI,2024-07-05T03:05:29.000Z,1720148729000,S30,NASA/HLS/HLSS30/v002/T49QEF_20240705T030529,NASA/HLS/HLSS30/v002,B4,B8A,Fmask,EPSG:32649,"[30,0,499980,0,-30,2600040]",false,false,false,false,(NIR-RED)/(NIR+RED); mask denominator=0; keep source masks,dimensionless; no further scale needed,exact_uint8_values_in_Float32,-9999,Float32,1.0
EB_FOREST,2024-07,2024-07-01,2024-08-01,EB_FOREST_HLS_2024-07_g1_NDVI_FMASK_v1.tif,4,s0001_S30_20240705T030529000_FMASK,FMASK,2024-07-05T03:05:29.000Z,1720148729000,S30,NASA/HLS/HLSS30/v002/T49QEF_20240705T030529,NASA/HLS/HLSS30/v002,B4,B8A,Fmask,EPSG:32649,"[30,0,499980,0,-30,2600040]",false,false,false,false,(NIR-RED)/(NIR+RED); mask denominator=0; keep source masks,dimensionless; no further scale needed,exact_uint8_values_in_Float32,-9999,Float32,1.0
EB_FOREST,2024-07,2024-07-01,2024-08-01,EB_FOREST_HLS_2024-07_g1_NDVI_FMASK_v1.tif,5,s0002_S30_20240710T030551000_NDVI,NDVI,2024-07-10T03:05:51.000Z,1720580751000,S30,NASA/HLS/HLSS30/v002/T49QEF_20240710T030551,NASA/HLS/HLSS30/v002,B4,B8A,Fmask,EPSG:32649,"[30,0,499980,0,-30,2600040]",false,false,false,false,(NIR-RED)/(NIR+RED); mask denominator=0; keep source masks,dimensionless; no further scale needed,exact_uint8_values_in_Float32,-9999,Float32,1.0
EB_FOREST,2024-07,2024-07-01,2024-08-01,EB_FOREST_HLS_2024-07_g1_NDVI_FMASK_v1.tif,6,s0002_S30_20240710T030551000_FMASK,FMASK,2024-07-10T03:05:51.000Z,1720580751000,S30,NASA/HLS/HLSS30/v002/T49QEF_20240710T030551,NASA/HLS/HLSS30/v002,B4,B8A,Fmask,EPSG:32649,"[30,0,499980,0,-30,2600040]",false,false,false,false,(NIR-RED)/(NIR+RED); mask denominator=0; keep source masks,dimensionless; no further scale needed,exact_uint8_values_in_Float32,-9999,Float32,1.0
EB_FOREST,2024-07,2024-07-01,2024-08-01,EB_FOREST_HLS_2024-07_g1_NDVI_FMASK_v1.tif,7,s0003_L30_20240713T025743000_NDVI,NDVI,2024-07-13T02:57:43.000Z,1720839463000,L30,NASA/HLS/HLSL30/v002/T49QEF_20240713T025743,NASA/HLS/HLSL30/v002,B4,B5,Fmask,EPSG:32649,"[30,0,499980,0,-30,2600040]",false,false,false,false,(NIR-RED)/(NIR+RED); mask denominator=0; keep source masks,dimensionless; no further scale needed,exact_uint8_values_in_Float32,-9999,Float32,1.0
EB_FOREST,2024-07,2024-07-01,2024-08-01,EB_FOREST_HLS_2024-07_g1_NDVI_FMASK_v1.tif,8,s0003_L30_20240713T025743000_FMASK,FMASK,2024-07-13T02:57:43.000Z,1720839463000,L30,NASA/HLS/HLSL30/v002/T49QEF_20240713T025743,NASA/HLS/HLSL30/v002,B4,B5,Fmask,EPSG:32649,"[30,0,499980,0,-30,2600040]",false,false,false,false,(NIR-RED)/(NIR+RED); mask denominator=0; keep source masks,dimensionless; no further scale needed,exact_uint8_values_in_Float32,-9999,Float32,1.0
EB_FOREST,2024-07,2024-07-01,2024-08-01,EB_FOREST_HLS_2024-07_g1_NDVI_FMASK_v1.tif,9,s0004_S30_20240715T030529000_NDVI,NDVI,2024-07-15T03:05:29.000Z,1721012729000,S30,NASA/HLS/HLSS30/v002/T49QEF_20240715T030529,NASA/HLS/HLSS30/v002,B4,B8A,Fmask,EPSG:32649,"[30,0,499980,0,-30,2600040]",false,false,false,false,(NIR-RED)/(NIR+RED); mask denominator=0; keep source masks,dimensionless; no further scale needed,exact_uint8_values_in_Float32,-9999,Float32,1.0
EB_FOREST,2024-07,2024-07-01,2024-08-01,EB_FOREST_HLS_2024-07_g1_NDVI_FMASK_v1.tif,10,s0004_S30_20240715T030529000_FMASK,FMASK,2024-07-15T03:05:29.000Z,1721012729000,S30,NASA/HLS/HLSS30/v002/T49QEF_20240715T030529,NASA/HLS/HLSS30/v002,B4,B8A,Fmask,EPSG:32649,"[30,0,499980,0,-30,2600040]",false,false,false,false,(NIR-RED)/(NIR+RED); mask denominator=0; keep source masks,dimensionless; no further scale needed,exact_uint8_values_in_Float32,-9999,Float32,1.0
EB_FOREST,2024-07,2024-07-01,2024-08-01,EB_FOREST_HLS_2024-07_g1_NDVI_FMASK_v1.tif,11,s0005_S30_20240720T030541000_NDVI,NDVI,2024-07-20T03:05:41.000Z,1721444741000,S30,NASA/HLS/HLSS30/v002/T49QEF_20240720T030541,NASA/HLS/HLSS30/v002,B4,B8A,Fmask,EPSG:32649,"[30,0,499980,0,-30,2600040]",false,false,false,false,(NIR-RED)/(NIR+RED); mask denominator=0; keep source masks,dimensionless; no further scale needed,exact_uint8_values_in_Float32,-9999,Float32,1.0
EB_FOREST,2024-07,2024-07-01,2024-08-01,EB_FOREST_HLS_2024-07_g1_NDVI_FMASK_v1.tif,12,s0005_S30_20240720T030541000_FMASK,FMASK,2024-07-20T03:05:41.000Z,1721444741000,S30,NASA/HLS/HLSS30/v002/T49QEF_20240720T030541,NASA/HLS/HLSS30/v002,B4,B8A,Fmask,EPSG:32649,"[30,0,499980,0,-30,2600040]",false,false,false,false,(NIR-RED)/(NIR+RED); mask denominator=0; keep source masks,dimensionless; no further scale needed,exact_uint8_values_in_Float32,-9999,Float32,1.0
EB_FOREST,2024-07,2024-07-01,2024-08-01,EB_FOREST_HLS_2024-07_g1_NDVI_FMASK_v1.tif,13,s0006_L30_20240721T025744000_NDVI,NDVI,2024-07-21T02:57:44.000Z,1721530664000,L30,NASA/HLS/HLSL30/v002/T49QEF_20240721T025744,NASA/HLS/HLSL30/v002,B4,B5,Fmask,EPSG:32649,"[30,0,499980,0,-30,2600040]",false,false,false,false,(NIR-RED)/(NIR+RED); mask denominator=0; keep source masks,dimensionless; no further scale needed,exact_uint8_values_in_Float32,-9999,Float32,1.0
EB_FOREST,2024-07,2024-07-01,2024-08-01,EB_FOREST_HLS_2024-07_g1_NDVI_FMASK_v1.tif,14,s0006_L30_20240721T025744000_FMASK,FMASK,2024-07-21T02:57:44.000Z,1721530664000,L30,NASA/HLS/HLSL30/v002/T49QEF_20240721T025744,NASA/HLS/HLSL30/v002,B4,B5,Fmask,EPSG:32649,"[30,0,499980,0,-30,2600040]",false,false,false,false,(NIR-RED)/(NIR+RED); mask denominator=0; keep source masks,dimensionless; no further scale needed,exact_uint8_values_in_Float32,-9999,Float32,1.0
EB_FOREST,2024-07,2024-07-01,2024-08-01,EB_FOREST_HLS_2024-07_g1_NDVI_FMASK_v1.tif,15,s0007_S30_20240725T030529000_NDVI,NDVI,2024-07-25T03:05:29.000Z,1721876729000,S30,NASA/HLS/HLSS30/v002/T49QEF_20240725T030529,NASA/HLS/HLSS30/v002,B4,B8A,Fmask,EPSG:32649,"[30,0,499980,0,-30,2600040]",false,false,false,false,(NIR-RED)/(NIR+RED); mask denominator=0; keep source masks,dimensionless; no further scale needed,exact_uint8_values_in_Float32,-9999,Float32,1.0
EB_FOREST,2024-07,2024-07-01,2024-08-01,EB_FOREST_HLS_2024-07_g1_NDVI_FMASK_v1.tif,16,s0007_S30_20240725T030529000_FMASK,FMASK,2024-07-25T03:05:29.000Z,1721876729000,S30,NASA/HLS/HLSS30/v002/T49QEF_20240725T030529,NASA/HLS/HLSS30/v002,B4,B8A,Fmask,EPSG:32649,"[30,0,499980,0,-30,2600040]",false,false,false,false,(NIR-RED)/(NIR+RED); mask denominator=0; keep source masks,dimensionless; no further scale needed,exact_uint8_values_in_Float32,-9999,Float32,1.0
EB_FOREST,2024-07,2024-07-01,2024-08-01,EB_FOREST_HLS_2024-07_g1_NDVI_FMASK_v1.tif,17,s0008_S30_20240730T030531000_NDVI,NDVI,2024-07-30T03:05:31.000Z,1722308731000,S30,NASA/HLS/HLSS30/v002/T49QEF_20240730T030531,NASA/HLS/HLSS30/v002,B4,B8A,Fmask,EPSG:32649,"[30,0,499980,0,-30,2600040]",false,false,false,false,(NIR-RED)/(NIR+RED); mask denominator=0; keep source masks,dimensionless; no further scale needed,exact_uint8_values_in_Float32,-9999,Float32,1.0
EB_FOREST,2024-07,2024-07-01,2024-08-01,EB_FOREST_HLS_2024-07_g1_NDVI_FMASK_v1.tif,18,s0008_S30_20240730T030531000_FMASK,FMASK,2024-07-30T03:05:31.000Z,1722308731000,S30,NASA/HLS/HLSS30/v002/T49QEF_20240730T030531,NASA/HLS/HLSS30/v002,B4,B8A,Fmask,EPSG:32649,"[30,0,499980,0,-30,2600040]",false,false,false,false,(NIR-RED)/(NIR+RED); mask denominator=0; keep source masks,dimensionless; no further scale needed,exact_uint8_values_in_Float32,-9999,Float32,1.0
EB_FOREST,2024-08,2024-08-01,2024-09-01,EB_FOREST_HLS_2024-08_g1_NDVI_FMASK_v1.tif,1,s0000_S30_20240804T030529000_NDVI,NDVI,2024-08-04T03:05:29.000Z,1722740729000,S30,NASA/HLS/HLSS30/v002/T49QEF_20240804T030529,NASA/HLS/HLSS30/v002,B4,B8A,Fmask,EPSG:32649,"[30,0,499980,0,-30,2600040]",false,false,false,false,(NIR-RED)/(NIR+RED); mask denominator=0; keep source masks,dimensionless; no further scale needed,exact_uint8_values_in_Float32,-9999,Float32,1.0
EB_FOREST,2024-08,2024-08-01,2024-09-01,EB_FOREST_HLS_2024-08_g1_NDVI_FMASK_v1.tif,2,s0000_S30_20240804T030529000_FMASK,FMASK,2024-08-04T03:05:29.000Z,1722740729000,S30,NASA/HLS/HLSS30/v002/T49QEF_20240804T030529,NASA/HLS/HLSS30/v002,B4,B8A,Fmask,EPSG:32649,"[30,0,499980,0,-30,2600040]",false,false,false,false,(NIR-RED)/(NIR+RED); mask denominator=0; keep source masks,dimensionless; no further scale needed,exact_uint8_values_in_Float32,-9999,Float32,1.0
EB_FOREST,2024-08,2024-08-01,2024-09-01,EB_FOREST_HLS_2024-08_g1_NDVI_FMASK_v1.tif,3,s0001_L30_20240806T025748000_NDVI,NDVI,2024-08-06T02:57:48.000Z,1722913068000,L30,NASA/HLS/HLSL30/v002/T49QEF_20240806T025748,NASA/HLS/HLSL30/v002,B4,B5,Fmask,EPSG:32649,"[30,0,499980,0,-30,2600040]",false,false,false,false,(NIR-RED)/(NIR+RED); mask denominator=0; keep source masks,dimensionless; no further scale needed,exact_uint8_values_in_Float32,-9999,Float32,1.0
EB_FOREST,2024-08,2024-08-01,2024-09-01,EB_FOREST_HLS_2024-08_g1_NDVI_FMASK_v1.tif,4,s0001_L30_20240806T025748000_FMASK,FMASK,2024-08-06T02:57:48.000Z,1722913068000,L30,NASA/HLS/HLSL30/v002/T49QEF_20240806T025748,NASA/HLS/HLSL30/v002,B4,B5,Fmask,EPSG:32649,"[30,0,499980,0,-30,2600040]",false,false,false,false,(NIR-RED)/(NIR+RED); mask denominator=0; keep source masks,dimensionless; no further scale needed,exact_uint8_values_in_Float32,-9999,Float32,1.0
EB_FOREST,2024-08,2024-08-01,2024-09-01,EB_FOREST_HLS_2024-08_g1_NDVI_FMASK_v1.tif,5,s0002_S30_20240809T030541000_NDVI,NDVI,2024-08-09T03:05:41.000Z,1723172741000,S30,NASA/HLS/HLSS30/v002/T49QEF_20240809T030541,NASA/HLS/HLSS30/v002,B4,B8A,Fmask,EPSG:32649,"[30,0,499980,0,-30,2600040]",false,false,false,false,(NIR-RED)/(NIR+RED); mask denominator=0; keep source masks,dimensionless; no further scale needed,exact_uint8_values_in_Float32,-9999,Float32,1.0
EB_FOREST,2024-08,2024-08-01,2024-09-01,EB_FOREST_HLS_2024-08_g1_NDVI_FMASK_v1.tif,6,s0002_S30_20240809T030541000_FMASK,FMASK,2024-08-09T03:05:41.000Z,1723172741000,S30,NASA/HLS/HLSS30/v002/T49QEF_20240809T030541,NASA/HLS/HLSS30/v002,B4,B8A,Fmask,EPSG:32649,"[30,0,499980,0,-30,2600040]",false,false,false,false,(NIR-RED)/(NIR+RED); mask denominator=0; keep source masks,dimensionless; no further scale needed,exact_uint8_values_in_Float32,-9999,Float32,1.0
EB_FOREST,2024-08,2024-08-01,2024-09-01,EB_FOREST_HLS_2024-08_g1_NDVI_FMASK_v1.tif,7,s0003_L30_20240814T025756000_NDVI,NDVI,2024-08-14T02:57:56.000Z,1723604276000,L30,NASA/HLS/HLSL30/v002/T49QEF_20240814T025756,NASA/HLS/HLSL30/v002,B4,B5,Fmask,EPSG:32649,"[30,0,499980,0,-30,2600040]",false,false,false,false,(NIR-RED)/(NIR+RED); mask denominator=0; keep source masks,dimensionless; no further scale needed,exact_uint8_values_in_Float32,-9999,Float32,1.0
EB_FOREST,2024-08,2024-08-01,2024-09-01,EB_FOREST_HLS_2024-08_g1_NDVI_FMASK_v1.tif,8,s0003_L30_20240814T025756000_FMASK,FMASK,2024-08-14T02:57:56.000Z,1723604276000,L30,NASA/HLS/HLSL30/v002/T49QEF_20240814T025756,NASA/HLS/HLSL30/v002,B4,B5,Fmask,EPSG:32649,"[30,0,499980,0,-30,2600040]",false,false,false,false,(NIR-RED)/(NIR+RED); mask denominator=0; keep source masks,dimensionless; no further scale needed,exact_uint8_values_in_Float32,-9999,Float32,1.0
EB_FOREST,2024-08,2024-08-01,2024-09-01,EB_FOREST_HLS_2024-08_g1_NDVI_FMASK_v1.tif,9,s0004_S30_20240814T030529000_NDVI,NDVI,2024-08-14T03:05:29.000Z,1723604729000,S30,NASA/HLS/HLSS30/v002/T49QEF_20240814T030529,NASA/HLS/HLSS30/v002,B4,B8A,Fmask,EPSG:32649,"[30,0,499980,0,-30,2600040]",false,false,false,false,(NIR-RED)/(NIR+RED); mask denominator=0; keep source masks,dimensionless; no further scale needed,exact_uint8_values_in_Float32,-9999,Float32,1.0
EB_FOREST,2024-08,2024-08-01,2024-09-01,EB_FOREST_HLS_2024-08_g1_NDVI_FMASK_v1.tif,10,s0004_S30_20240814T030529000_FMASK,FMASK,2024-08-14T03:05:29.000Z,1723604729000,S30,NASA/HLS/HLSS30/v002/T49QEF_20240814T030529,NASA/HLS/HLSS30/v002,B4,B8A,Fmask,EPSG:32649,"[30,0,499980,0,-30,2600040]",false,false,false,false,(NIR-RED)/(NIR+RED); mask denominator=0; keep source masks,dimensionless; no further scale needed,exact_uint8_values_in_Float32,-9999,Float32,1.0
EB_FOREST,2024-08,2024-08-01,2024-09-01,EB_FOREST_HLS_2024-08_g1_NDVI_FMASK_v1.tif,11,s0005_S30_20240819T030541000_NDVI,NDVI,2024-08-19T03:05:41.000Z,1724036741000,S30,NASA/HLS/HLSS30/v002/T49QEF_20240819T030541,NASA/HLS/HLSS30/v002,B4,B8A,Fmask,EPSG:32649,"[30,0,499980,0,-30,2600040]",false,false,false,false,(NIR-RED)/(NIR+RED); mask denominator=0; keep source masks,dimensionless; no further scale needed,exact_uint8_values_in_Float32,-9999,Float32,1.0
EB_FOREST,2024-08,2024-08-01,2024-09-01,EB_FOREST_HLS_2024-08_g1_NDVI_FMASK_v1.tif,12,s0005_S30_20240819T030541000_FMASK,FMASK,2024-08-19T03:05:41.000Z,1724036741000,S30,NASA/HLS/HLSS30/v002/T49QEF_20240819T030541,NASA/HLS/HLSS30/v002,B4,B8A,Fmask,EPSG:32649,"[30,0,499980,0,-30,2600040]",false,false,false,false,(NIR-RED)/(NIR+RED); mask denominator=0; keep source masks,dimensionless; no further scale needed,exact_uint8_values_in_Float32,-9999,Float32,1.0
EB_FOREST,2024-08,2024-08-01,2024-09-01,EB_FOREST_HLS_2024-08_g1_NDVI_FMASK_v1.tif,13,s0006_L30_20240822T025801000_NDVI,NDVI,2024-08-22T02:58:01.000Z,1724295481000,L30,NASA/HLS/HLSL30/v002/T49QEF_20240822T025801,NASA/HLS/HLSL30/v002,B4,B5,Fmask,EPSG:32649,"[30,0,499980,0,-30,2600040]",false,false,false,false,(NIR-RED)/(NIR+RED); mask denominator=0; keep source masks,dimensionless; no further scale needed,exact_uint8_values_in_Float32,-9999,Float32,1.0
EB_FOREST,2024-08,2024-08-01,2024-09-01,EB_FOREST_HLS_2024-08_g1_NDVI_FMASK_v1.tif,14,s0006_L30_20240822T025801000_FMASK,FMASK,2024-08-22T02:58:01.000Z,1724295481000,L30,NASA/HLS/HLSL30/v002/T49QEF_20240822T025801,NASA/HLS/HLSL30/v002,B4,B5,Fmask,EPSG:32649,"[30,0,499980,0,-30,2600040]",false,false,false,false,(NIR-RED)/(NIR+RED); mask denominator=0; keep source masks,dimensionless; no further scale needed,exact_uint8_values_in_Float32,-9999,Float32,1.0
EB_FOREST,2024-08,2024-08-01,2024-09-01,EB_FOREST_HLS_2024-08_g1_NDVI_FMASK_v1.tif,15,s0007_S30_20240824T030519000_NDVI,NDVI,2024-08-24T03:05:19.000Z,1724468719000,S30,NASA/HLS/HLSS30/v002/T49QEF_20240824T030519,NASA/HLS/HLSS30/v002,B4,B8A,Fmask,EPSG:32649,"[30,0,499980,0,-30,2600040]",false,false,false,false,(NIR-RED)/(NIR+RED); mask denominator=0; keep source masks,dimensionless; no further scale needed,exact_uint8_values_in_Float32,-9999,Float32,1.0
EB_FOREST,2024-08,2024-08-01,2024-09-01,EB_FOREST_HLS_2024-08_g1_NDVI_FMASK_v1.tif,16,s0007_S30_20240824T030519000_FMASK,FMASK,2024-08-24T03:05:19.000Z,1724468719000,S30,NASA/HLS/HLSS30/v002/T49QEF_20240824T030519,NASA/HLS/HLSS30/v002,B4,B8A,Fmask,EPSG:32649,"[30,0,499980,0,-30,2600040]",false,false,false,false,(NIR-RED)/(NIR+RED); mask denominator=0; keep source masks,dimensionless; no further scale needed,exact_uint8_values_in_Float32,-9999,Float32,1.0
EB_FOREST,2024-08,2024-08-01,2024-09-01,EB_FOREST_HLS_2024-08_g1_NDVI_FMASK_v1.tif,17,s0008_S30_20240829T030541000_NDVI,NDVI,2024-08-29T03:05:41.000Z,1724900741000,S30,NASA/HLS/HLSS30/v002/T49QEF_20240829T030541,NASA/HLS/HLSS30/v002,B4,B8A,Fmask,EPSG:32649,"[30,0,499980,0,-30,2600040]",false,false,false,false,(NIR-RED)/(NIR+RED); mask denominator=0; keep source masks,dimensionless; no further scale needed,exact_uint8_values_in_Float32,-9999,Float32,1.0
EB_FOREST,2024-08,2024-08-01,2024-09-01,EB_FOREST_HLS_2024-08_g1_NDVI_FMASK_v1.tif,18,s0008_S30_20240829T030541000_FMASK,FMASK,2024-08-29T03:05:41.000Z,1724900741000,S30,NASA/HLS/HLSS30/v002/T49QEF_20240829T030541,NASA/HLS/HLSS30/v002,B4,B8A,Fmask,EPSG:32649,"[30,0,499980,0,-30,2600040]",false,false,false,false,(NIR-RED)/(NIR+RED); mask denominator=0; keep source masks,dimensionless; no further scale needed,exact_uint8_values_in_Float32,-9999,Float32,1.0
EB_FOREST,2024-08,2024-08-01,2024-09-01,EB_FOREST_HLS_2024-08_g1_NDVI_FMASK_v1.tif,19,s0009_L30_20240830T025804000_NDVI,NDVI,2024-08-30T02:58:04.000Z,1724986684000,L30,NASA/HLS/HLSL30/v002/T49QEF_20240830T025804,NASA/HLS/HLSL30/v002,B4,B5,Fmask,EPSG:32649,"[30,0,499980,0,-30,2600040]",false,false,false,false,(NIR-RED)/(NIR+RED); mask denominator=0; keep source masks,dimensionless; no further scale needed,exact_uint8_values_in_Float32,-9999,Float32,1.0
EB_FOREST,2024-08,2024-08-01,2024-09-01,EB_FOREST_HLS_2024-08_g1_NDVI_FMASK_v1.tif,20,s0009_L30_20240830T025804000_FMASK,FMASK,2024-08-30T02:58:04.000Z,1724986684000,L30,NASA/HLS/HLSL30/v002/T49QEF_20240830T025804,NASA/HLS/HLSL30/v002,B4,B5,Fmask,EPSG:32649,"[30,0,499980,0,-30,2600040]",false,false,false,false,(NIR-RED)/(NIR+RED); mask denominator=0; keep source masks,dimensionless; no further scale needed,exact_uint8_values_in_Float32,-9999,Float32,1.0
EB_FOREST,2024-09,2024-09-01,2024-10-01,EB_FOREST_HLS_2024-09_g1_NDVI_FMASK_v1.tif,1,s0000_S30_20240903T030529000_NDVI,NDVI,2024-09-03T03:05:29.000Z,1725332729000,S30,NASA/HLS/HLSS30/v002/T49QEF_20240903T030529,NASA/HLS/HLSS30/v002,B4,B8A,Fmask,EPSG:32649,"[30,0,499980,0,-30,2600040]",false,false,false,false,(NIR-RED)/(NIR+RED); mask denominator=0; keep source masks,dimensionless; no further scale needed,exact_uint8_values_in_Float32,-9999,Float32,1.0
EB_FOREST,2024-09,2024-09-01,2024-10-01,EB_FOREST_HLS_2024-09_g1_NDVI_FMASK_v1.tif,2,s0000_S30_20240903T030529000_FMASK,FMASK,2024-09-03T03:05:29.000Z,1725332729000,S30,NASA/HLS/HLSS30/v002/T49QEF_20240903T030529,NASA/HLS/HLSS30/v002,B4,B8A,Fmask,EPSG:32649,"[30,0,499980,0,-30,2600040]",false,false,false,false,(NIR-RED)/(NIR+RED); mask denominator=0; keep source masks,dimensionless; no further scale needed,exact_uint8_values_in_Float32,-9999,Float32,1.0
EB_FOREST,2024-09,2024-09-01,2024-10-01,EB_FOREST_HLS_2024-09_g1_NDVI_FMASK_v1.tif,3,s0001_L30_20240907T025800000_NDVI,NDVI,2024-09-07T02:58:00.000Z,1725677880000,L30,NASA/HLS/HLSL30/v002/T49QEF_20240907T025800,NASA/HLS/HLSL30/v002,B4,B5,Fmask,EPSG:32649,"[30,0,499980,0,-30,2600040]",false,false,false,false,(NIR-RED)/(NIR+RED); mask denominator=0; keep source masks,dimensionless; no further scale needed,exact_uint8_values_in_Float32,-9999,Float32,1.0
EB_FOREST,2024-09,2024-09-01,2024-10-01,EB_FOREST_HLS_2024-09_g1_NDVI_FMASK_v1.tif,4,s0001_L30_20240907T025800000_FMASK,FMASK,2024-09-07T02:58:00.000Z,1725677880000,L30,NASA/HLS/HLSL30/v002/T49QEF_20240907T025800,NASA/HLS/HLSL30/v002,B4,B5,Fmask,EPSG:32649,"[30,0,499980,0,-30,2600040]",false,false,false,false,(NIR-RED)/(NIR+RED); mask denominator=0; keep source masks,dimensionless; no further scale needed,exact_uint8_values_in_Float32,-9999,Float32,1.0
EB_FOREST,2024-09,2024-09-01,2024-10-01,EB_FOREST_HLS_2024-09_g1_NDVI_FMASK_v1.tif,5,s0002_S30_20240908T030541000_NDVI,NDVI,2024-09-08T03:05:41.000Z,1725764741000,S30,NASA/HLS/HLSS30/v002/T49QEF_20240908T030541,NASA/HLS/HLSS30/v002,B4,B8A,Fmask,EPSG:32649,"[30,0,499980,0,-30,2600040]",false,false,false,false,(NIR-RED)/(NIR+RED); mask denominator=0; keep source masks,dimensionless; no further scale needed,exact_uint8_values_in_Float32,-9999,Float32,1.0
EB_FOREST,2024-09,2024-09-01,2024-10-01,EB_FOREST_HLS_2024-09_g1_NDVI_FMASK_v1.tif,6,s0002_S30_20240908T030541000_FMASK,FMASK,2024-09-08T03:05:41.000Z,1725764741000,S30,NASA/HLS/HLSS30/v002/T49QEF_20240908T030541,NASA/HLS/HLSS30/v002,B4,B8A,Fmask,EPSG:32649,"[30,0,499980,0,-30,2600040]",false,false,false,false,(NIR-RED)/(NIR+RED); mask denominator=0; keep source masks,dimensionless; no further scale needed,exact_uint8_values_in_Float32,-9999,Float32,1.0
EB_FOREST,2024-09,2024-09-01,2024-10-01,EB_FOREST_HLS_2024-09_g1_NDVI_FMASK_v1.tif,7,s0003_S30_20240913T030519000_NDVI,NDVI,2024-09-13T03:05:19.000Z,1726196719000,S30,NASA/HLS/HLSS30/v002/T49QEF_20240913T030519,NASA/HLS/HLSS30/v002,B4,B8A,Fmask,EPSG:32649,"[30,0,499980,0,-30,2600040]",false,false,false,false,(NIR-RED)/(NIR+RED); mask denominator=0; keep source masks,dimensionless; no further scale needed,exact_uint8_values_in_Float32,-9999,Float32,1.0
EB_FOREST,2024-09,2024-09-01,2024-10-01,EB_FOREST_HLS_2024-09_g1_NDVI_FMASK_v1.tif,8,s0003_S30_20240913T030519000_FMASK,FMASK,2024-09-13T03:05:19.000Z,1726196719000,S30,NASA/HLS/HLSS30/v002/T49QEF_20240913T030519,NASA/HLS/HLSS30/v002,B4,B8A,Fmask,EPSG:32649,"[30,0,499980,0,-30,2600040]",false,false,false,false,(NIR-RED)/(NIR+RED); mask denominator=0; keep source masks,dimensionless; no further scale needed,exact_uint8_values_in_Float32,-9999,Float32,1.0
EB_FOREST,2024-09,2024-09-01,2024-10-01,EB_FOREST_HLS_2024-09_g1_NDVI_FMASK_v1.tif,9,s0004_L30_20240915T025813000_NDVI,NDVI,2024-09-15T02:58:13.000Z,1726369093000,L30,NASA/HLS/HLSL30/v002/T49QEF_20240915T025813,NASA/HLS/HLSL30/v002,B4,B5,Fmask,EPSG:32649,"[30,0,499980,0,-30,2600040]",false,false,false,false,(NIR-RED)/(NIR+RED); mask denominator=0; keep source masks,dimensionless; no further scale needed,exact_uint8_values_in_Float32,-9999,Float32,1.0
EB_FOREST,2024-09,2024-09-01,2024-10-01,EB_FOREST_HLS_2024-09_g1_NDVI_FMASK_v1.tif,10,s0004_L30_20240915T025813000_FMASK,FMASK,2024-09-15T02:58:13.000Z,1726369093000,L30,NASA/HLS/HLSL30/v002/T49QEF_20240915T025813,NASA/HLS/HLSL30/v002,B4,B5,Fmask,EPSG:32649,"[30,0,499980,0,-30,2600040]",false,false,false,false,(NIR-RED)/(NIR+RED); mask denominator=0; keep source masks,dimensionless; no further scale needed,exact_uint8_values_in_Float32,-9999,Float32,1.0
EB_FOREST,2024-09,2024-09-01,2024-10-01,EB_FOREST_HLS_2024-09_g1_NDVI_FMASK_v1.tif,11,s0005_S30_20240918T030541000_NDVI,NDVI,2024-09-18T03:05:41.000Z,1726628741000,S30,NASA/HLS/HLSS30/v002/T49QEF_20240918T030541,NASA/HLS/HLSS30/v002,B4,B8A,Fmask,EPSG:32649,"[30,0,499980,0,-30,2600040]",false,false,false,false,(NIR-RED)/(NIR+RED); mask denominator=0; keep source masks,dimensionless; no further scale needed,exact_uint8_values_in_Float32,-9999,Float32,1.0
EB_FOREST,2024-09,2024-09-01,2024-10-01,EB_FOREST_HLS_2024-09_g1_NDVI_FMASK_v1.tif,12,s0005_S30_20240918T030541000_FMASK,FMASK,2024-09-18T03:05:41.000Z,1726628741000,S30,NASA/HLS/HLSS30/v002/T49QEF_20240918T030541,NASA/HLS/HLSS30/v002,B4,B8A,Fmask,EPSG:32649,"[30,0,499980,0,-30,2600040]",false,false,false,false,(NIR-RED)/(NIR+RED); mask denominator=0; keep source masks,dimensionless; no further scale needed,exact_uint8_values_in_Float32,-9999,Float32,1.0
EB_FOREST,2024-09,2024-09-01,2024-10-01,EB_FOREST_HLS_2024-09_g1_NDVI_FMASK_v1.tif,13,s0006_S30_20240928T030521000_NDVI,NDVI,2024-09-28T03:05:21.000Z,1727492721000,S30,NASA/HLS/HLSS30/v002/T49QEF_20240928T030521,NASA/HLS/HLSS30/v002,B4,B8A,Fmask,EPSG:32649,"[30,0,499980,0,-30,2600040]",false,false,false,false,(NIR-RED)/(NIR+RED); mask denominator=0; keep source masks,dimensionless; no further scale needed,exact_uint8_values_in_Float32,-9999,Float32,1.0
EB_FOREST,2024-09,2024-09-01,2024-10-01,EB_FOREST_HLS_2024-09_g1_NDVI_FMASK_v1.tif,14,s0006_S30_20240928T030521000_FMASK,FMASK,2024-09-28T03:05:21.000Z,1727492721000,S30,NASA/HLS/HLSS30/v002/T49QEF_20240928T030521,NASA/HLS/HLSS30/v002,B4,B8A,Fmask,EPSG:32649,"[30,0,499980,0,-30,2600040]",false,false,false,false,(NIR-RED)/(NIR+RED); mask denominator=0; keep source masks,dimensionless; no further scale needed,exact_uint8_values_in_Float32,-9999,Float32,1.0
EB_FOREST,2024-10,2024-10-01,2024-11-01,EB_FOREST_HLS_2024-10_g1_NDVI_FMASK_v1.tif,1,s0000_L30_20241001T025807000_NDVI,NDVI,2024-10-01T02:58:07.000Z,1727751487000,L30,NASA/HLS/HLSL30/v002/T49QEF_20241001T025807,NASA/HLS/HLSL30/v002,B4,B5,Fmask,EPSG:32649,"[30,0,499980,0,-30,2600040]",false,false,false,false,(NIR-RED)/(NIR+RED); mask denominator=0; keep source masks,dimensionless; no further scale needed,exact_uint8_values_in_Float32,-9999,Float32,1.0
EB_FOREST,2024-10,2024-10-01,2024-11-01,EB_FOREST_HLS_2024-10_g1_NDVI_FMASK_v1.tif,2,s0000_L30_20241001T025807000_FMASK,FMASK,2024-10-01T02:58:07.000Z,1727751487000,L30,NASA/HLS/HLSL30/v002/T49QEF_20241001T025807,NASA/HLS/HLSL30/v002,B4,B5,Fmask,EPSG:32649,"[30,0,499980,0,-30,2600040]",false,false,false,false,(NIR-RED)/(NIR+RED); mask denominator=0; keep source masks,dimensionless; no further scale needed,exact_uint8_values_in_Float32,-9999,Float32,1.0
EB_FOREST,2024-10,2024-10-01,2024-11-01,EB_FOREST_HLS_2024-10_g1_NDVI_FMASK_v1.tif,3,s0001_S30_20241003T030529000_NDVI,NDVI,2024-10-03T03:05:29.000Z,1727924729000,S30,NASA/HLS/HLSS30/v002/T49QEF_20241003T030529,NASA/HLS/HLSS30/v002,B4,B8A,Fmask,EPSG:32649,"[30,0,499980,0,-30,2600040]",false,false,false,false,(NIR-RED)/(NIR+RED); mask denominator=0; keep source masks,dimensionless; no further scale needed,exact_uint8_values_in_Float32,-9999,Float32,1.0
EB_FOREST,2024-10,2024-10-01,2024-11-01,EB_FOREST_HLS_2024-10_g1_NDVI_FMASK_v1.tif,4,s0001_S30_20241003T030529000_FMASK,FMASK,2024-10-03T03:05:29.000Z,1727924729000,S30,NASA/HLS/HLSS30/v002/T49QEF_20241003T030529,NASA/HLS/HLSS30/v002,B4,B8A,Fmask,EPSG:32649,"[30,0,499980,0,-30,2600040]",false,false,false,false,(NIR-RED)/(NIR+RED); mask denominator=0; keep source masks,dimensionless; no further scale needed,exact_uint8_values_in_Float32,-9999,Float32,1.0
EB_FOREST,2024-10,2024-10-01,2024-11-01,EB_FOREST_HLS_2024-10_g1_NDVI_FMASK_v1.tif,5,s0002_S30_20241008T030621000_NDVI,NDVI,2024-10-08T03:06:21.000Z,1728356781000,S30,NASA/HLS/HLSS30/v002/T49QEF_20241008T030621,NASA/HLS/HLSS30/v002,B4,B8A,Fmask,EPSG:32649,"[30,0,499980,0,-30,2600040]",false,false,false,false,(NIR-RED)/(NIR+RED); mask denominator=0; keep source masks,dimensionless; no further scale needed,exact_uint8_values_in_Float32,-9999,Float32,1.0
EB_FOREST,2024-10,2024-10-01,2024-11-01,EB_FOREST_HLS_2024-10_g1_NDVI_FMASK_v1.tif,6,s0002_S30_20241008T030621000_FMASK,FMASK,2024-10-08T03:06:21.000Z,1728356781000,S30,NASA/HLS/HLSS30/v002/T49QEF_20241008T030621,NASA/HLS/HLSS30/v002,B4,B8A,Fmask,EPSG:32649,"[30,0,499980,0,-30,2600040]",false,false,false,false,(NIR-RED)/(NIR+RED); mask denominator=0; keep source masks,dimensionless; no further scale needed,exact_uint8_values_in_Float32,-9999,Float32,1.0
EB_FOREST,2024-10,2024-10-01,2024-11-01,EB_FOREST_HLS_2024-10_g1_NDVI_FMASK_v1.tif,7,s0003_L30_20241009T025810000_NDVI,NDVI,2024-10-09T02:58:10.000Z,1728442690000,L30,NASA/HLS/HLSL30/v002/T49QEF_20241009T025810,NASA/HLS/HLSL30/v002,B4,B5,Fmask,EPSG:32649,"[30,0,499980,0,-30,2600040]",false,false,false,false,(NIR-RED)/(NIR+RED); mask denominator=0; keep source masks,dimensionless; no further scale needed,exact_uint8_values_in_Float32,-9999,Float32,1.0
EB_FOREST,2024-10,2024-10-01,2024-11-01,EB_FOREST_HLS_2024-10_g1_NDVI_FMASK_v1.tif,8,s0003_L30_20241009T025810000_FMASK,FMASK,2024-10-09T02:58:10.000Z,1728442690000,L30,NASA/HLS/HLSL30/v002/T49QEF_20241009T025810,NASA/HLS/HLSL30/v002,B4,B5,Fmask,EPSG:32649,"[30,0,499980,0,-30,2600040]",false,false,false,false,(NIR-RED)/(NIR+RED); mask denominator=0; keep source masks,dimensionless; no further scale needed,exact_uint8_values_in_Float32,-9999,Float32,1.0
EB_FOREST,2024-10,2024-10-01,2024-11-01,EB_FOREST_HLS_2024-10_g1_NDVI_FMASK_v1.tif,9,s0004_S30_20241013T030559000_NDVI,NDVI,2024-10-13T03:05:59.000Z,1728788759000,S30,NASA/HLS/HLSS30/v002/T49QEF_20241013T030559,NASA/HLS/HLSS30/v002,B4,B8A,Fmask,EPSG:32649,"[30,0,499980,0,-30,2600040]",false,false,false,false,(NIR-RED)/(NIR+RED); mask denominator=0; keep source masks,dimensionless; no further scale needed,exact_uint8_values_in_Float32,-9999,Float32,1.0
EB_FOREST,2024-10,2024-10-01,2024-11-01,EB_FOREST_HLS_2024-10_g1_NDVI_FMASK_v1.tif,10,s0004_S30_20241013T030559000_FMASK,FMASK,2024-10-13T03:05:59.000Z,1728788759000,S30,NASA/HLS/HLSS30/v002/T49QEF_20241013T030559,NASA/HLS/HLSS30/v002,B4,B8A,Fmask,EPSG:32649,"[30,0,499980,0,-30,2600040]",false,false,false,false,(NIR-RED)/(NIR+RED); mask denominator=0; keep source masks,dimensionless; no further scale needed,exact_uint8_values_in_Float32,-9999,Float32,1.0
EB_FOREST,2024-10,2024-10-01,2024-11-01,EB_FOREST_HLS_2024-10_g1_NDVI_FMASK_v1.tif,11,s0005_L30_20241017T025821000_NDVI,NDVI,2024-10-17T02:58:21.000Z,1729133901000,L30,NASA/HLS/HLSL30/v002/T49QEF_20241017T025821,NASA/HLS/HLSL30/v002,B4,B5,Fmask,EPSG:32649,"[30,0,499980,0,-30,2600040]",false,false,false,false,(NIR-RED)/(NIR+RED); mask denominator=0; keep source masks,dimensionless; no further scale needed,exact_uint8_values_in_Float32,-9999,Float32,1.0
EB_FOREST,2024-10,2024-10-01,2024-11-01,EB_FOREST_HLS_2024-10_g1_NDVI_FMASK_v1.tif,12,s0005_L30_20241017T025821000_FMASK,FMASK,2024-10-17T02:58:21.000Z,1729133901000,L30,NASA/HLS/HLSL30/v002/T49QEF_20241017T025821,NASA/HLS/HLSL30/v002,B4,B5,Fmask,EPSG:32649,"[30,0,499980,0,-30,2600040]",false,false,false,false,(NIR-RED)/(NIR+RED); mask denominator=0; keep source masks,dimensionless; no further scale needed,exact_uint8_values_in_Float32,-9999,Float32,1.0
EB_FOREST,2024-10,2024-10-01,2024-11-01,EB_FOREST_HLS_2024-10_g1_NDVI_FMASK_v1.tif,13,s0006_S30_20241023T030709000_NDVI,NDVI,2024-10-23T03:07:09.000Z,1729652829000,S30,NASA/HLS/HLSS30/v002/T49QEF_20241023T030709,NASA/HLS/HLSS30/v002,B4,B8A,Fmask,EPSG:32649,"[30,0,499980,0,-30,2600040]",false,false,false,false,(NIR-RED)/(NIR+RED); mask denominator=0; keep source masks,dimensionless; no further scale needed,exact_uint8_values_in_Float32,-9999,Float32,1.0
EB_FOREST,2024-10,2024-10-01,2024-11-01,EB_FOREST_HLS_2024-10_g1_NDVI_FMASK_v1.tif,14,s0006_S30_20241023T030709000_FMASK,FMASK,2024-10-23T03:07:09.000Z,1729652829000,S30,NASA/HLS/HLSS30/v002/T49QEF_20241023T030709,NASA/HLS/HLSS30/v002,B4,B8A,Fmask,EPSG:32649,"[30,0,499980,0,-30,2600040]",false,false,false,false,(NIR-RED)/(NIR+RED); mask denominator=0; keep source masks,dimensionless; no further scale needed,exact_uint8_values_in_Float32,-9999,Float32,1.0
EB_FOREST,2024-10,2024-10-01,2024-11-01,EB_FOREST_HLS_2024-10_g1_NDVI_FMASK_v1.tif,15,s0007_L30_20241025T025827000_NDVI,NDVI,2024-10-25T02:58:27.000Z,1729825107000,L30,NASA/HLS/HLSL30/v002/T49QEF_20241025T025827,NASA/HLS/HLSL30/v002,B4,B5,Fmask,EPSG:32649,"[30,0,499980,0,-30,2600040]",false,false,false,false,(NIR-RED)/(NIR+RED); mask denominator=0; keep source masks,dimensionless; no further scale needed,exact_uint8_values_in_Float32,-9999,Float32,1.0
EB_FOREST,2024-10,2024-10-01,2024-11-01,EB_FOREST_HLS_2024-10_g1_NDVI_FMASK_v1.tif,16,s0007_L30_20241025T025827000_FMASK,FMASK,2024-10-25T02:58:27.000Z,1729825107000,L30,NASA/HLS/HLSL30/v002/T49QEF_20241025T025827,NASA/HLS/HLSL30/v002,B4,B5,Fmask,EPSG:32649,"[30,0,499980,0,-30,2600040]",false,false,false,false,(NIR-RED)/(NIR+RED); mask denominator=0; keep source masks,dimensionless; no further scale needed,exact_uint8_values_in_Float32,-9999,Float32,1.0
EB_FOREST,2024-10,2024-10-01,2024-11-01,EB_FOREST_HLS_2024-10_g1_NDVI_FMASK_v1.tif,17,s0008_S30_20241028T030831000_NDVI,NDVI,2024-10-28T03:08:31.000Z,1730084911000,S30,NASA/HLS/HLSS30/v002/T49QEF_20241028T030831,NASA/HLS/HLSS30/v002,B4,B8A,Fmask,EPSG:32649,"[30,0,499980,0,-30,2600040]",false,false,false,false,(NIR-RED)/(NIR+RED); mask denominator=0; keep source masks,dimensionless; no further scale needed,exact_uint8_values_in_Float32,-9999,Float32,1.0
EB_FOREST,2024-10,2024-10-01,2024-11-01,EB_FOREST_HLS_2024-10_g1_NDVI_FMASK_v1.tif,18,s0008_S30_20241028T030831000_FMASK,FMASK,2024-10-28T03:08:31.000Z,1730084911000,S30,NASA/HLS/HLSS30/v002/T49QEF_20241028T030831,NASA/HLS/HLSS30/v002,B4,B8A,Fmask,EPSG:32649,"[30,0,499980,0,-30,2600040]",false,false,false,false,(NIR-RED)/(NIR+RED); mask denominator=0; keep source masks,dimensionless; no further scale needed,exact_uint8_values_in_Float32,-9999,Float32,1.0
EB_FOREST,2024-11,2024-11-01,2024-12-01,EB_FOREST_HLS_2024-11_g1_NDVI_FMASK_v1.tif,1,s0000_L30_20241102T025813000_NDVI,NDVI,2024-11-02T02:58:13.000Z,1730516293000,L30,NASA/HLS/HLSL30/v002/T49QEF_20241102T025813,NASA/HLS/HLSL30/v002,B4,B5,Fmask,EPSG:32649,"[30,0,499980,0,-30,2600040]",false,false,false,false,(NIR-RED)/(NIR+RED); mask denominator=0; keep source masks,dimensionless; no further scale needed,exact_uint8_values_in_Float32,-9999,Float32,1.0
EB_FOREST,2024-11,2024-11-01,2024-12-01,EB_FOREST_HLS_2024-11_g1_NDVI_FMASK_v1.tif,2,s0000_L30_20241102T025813000_FMASK,FMASK,2024-11-02T02:58:13.000Z,1730516293000,L30,NASA/HLS/HLSL30/v002/T49QEF_20241102T025813,NASA/HLS/HLSL30/v002,B4,B5,Fmask,EPSG:32649,"[30,0,499980,0,-30,2600040]",false,false,false,false,(NIR-RED)/(NIR+RED); mask denominator=0; keep source masks,dimensionless; no further scale needed,exact_uint8_values_in_Float32,-9999,Float32,1.0
EB_FOREST,2024-11,2024-11-01,2024-12-01,EB_FOREST_HLS_2024-11_g1_NDVI_FMASK_v1.tif,3,s0001_S30_20241107T030921000_NDVI,NDVI,2024-11-07T03:09:21.000Z,1730948961000,S30,NASA/HLS/HLSS30/v002/T49QEF_20241107T030921,NASA/HLS/HLSS30/v002,B4,B8A,Fmask,EPSG:32649,"[30,0,499980,0,-30,2600040]",false,false,false,false,(NIR-RED)/(NIR+RED); mask denominator=0; keep source masks,dimensionless; no further scale needed,exact_uint8_values_in_Float32,-9999,Float32,1.0
EB_FOREST,2024-11,2024-11-01,2024-12-01,EB_FOREST_HLS_2024-11_g1_NDVI_FMASK_v1.tif,4,s0001_S30_20241107T030921000_FMASK,FMASK,2024-11-07T03:09:21.000Z,1730948961000,S30,NASA/HLS/HLSS30/v002/T49QEF_20241107T030921,NASA/HLS/HLSS30/v002,B4,B8A,Fmask,EPSG:32649,"[30,0,499980,0,-30,2600040]",false,false,false,false,(NIR-RED)/(NIR+RED); mask denominator=0; keep source masks,dimensionless; no further scale needed,exact_uint8_values_in_Float32,-9999,Float32,1.0
EB_FOREST,2024-11,2024-11-01,2024-12-01,EB_FOREST_HLS_2024-11_g1_NDVI_FMASK_v1.tif,5,s0002_L30_20241110T025821000_NDVI,NDVI,2024-11-10T02:58:21.000Z,1731207501000,L30,NASA/HLS/HLSL30/v002/T49QEF_20241110T025821,NASA/HLS/HLSL30/v002,B4,B5,Fmask,EPSG:32649,"[30,0,499980,0,-30,2600040]",false,false,false,false,(NIR-RED)/(NIR+RED); mask denominator=0; keep source masks,dimensionless; no further scale needed,exact_uint8_values_in_Float32,-9999,Float32,1.0
EB_FOREST,2024-11,2024-11-01,2024-12-01,EB_FOREST_HLS_2024-11_g1_NDVI_FMASK_v1.tif,6,s0002_L30_20241110T025821000_FMASK,FMASK,2024-11-10T02:58:21.000Z,1731207501000,L30,NASA/HLS/HLSL30/v002/T49QEF_20241110T025821,NASA/HLS/HLSL30/v002,B4,B5,Fmask,EPSG:32649,"[30,0,499980,0,-30,2600040]",false,false,false,false,(NIR-RED)/(NIR+RED); mask denominator=0; keep source masks,dimensionless; no further scale needed,exact_uint8_values_in_Float32,-9999,Float32,1.0
EB_FOREST,2024-11,2024-11-01,2024-12-01,EB_FOREST_HLS_2024-11_g1_NDVI_FMASK_v1.tif,7,s0003_S30_20241112T030859000_NDVI,NDVI,2024-11-12T03:08:59.000Z,1731380939000,S30,NASA/HLS/HLSS30/v002/T49QEF_20241112T030859,NASA/HLS/HLSS30/v002,B4,B8A,Fmask,EPSG:32649,"[30,0,499980,0,-30,2600040]",false,false,false,false,(NIR-RED)/(NIR+RED); mask denominator=0; keep source masks,dimensionless; no further scale needed,exact_uint8_values_in_Float32,-9999,Float32,1.0
EB_FOREST,2024-11,2024-11-01,2024-12-01,EB_FOREST_HLS_2024-11_g1_NDVI_FMASK_v1.tif,8,s0003_S30_20241112T030859000_FMASK,FMASK,2024-11-12T03:08:59.000Z,1731380939000,S30,NASA/HLS/HLSS30/v002/T49QEF_20241112T030859,NASA/HLS/HLSS30/v002,B4,B8A,Fmask,EPSG:32649,"[30,0,499980,0,-30,2600040]",false,false,false,false,(NIR-RED)/(NIR+RED); mask denominator=0; keep source masks,dimensionless; no further scale needed,exact_uint8_values_in_Float32,-9999,Float32,1.0
EB_FOREST,2024-11,2024-11-01,2024-12-01,EB_FOREST_HLS_2024-11_g1_NDVI_FMASK_v1.tif,9,s0004_S30_20241117T031011000_NDVI,NDVI,2024-11-17T03:10:11.000Z,1731813011000,S30,NASA/HLS/HLSS30/v002/T49QEF_20241117T031011,NASA/HLS/HLSS30/v002,B4,B8A,Fmask,EPSG:32649,"[30,0,499980,0,-30,2600040]",false,false,false,false,(NIR-RED)/(NIR+RED); mask denominator=0; keep source masks,dimensionless; no further scale needed,exact_uint8_values_in_Float32,-9999,Float32,1.0
EB_FOREST,2024-11,2024-11-01,2024-12-01,EB_FOREST_HLS_2024-11_g1_NDVI_FMASK_v1.tif,10,s0004_S30_20241117T031011000_FMASK,FMASK,2024-11-17T03:10:11.000Z,1731813011000,S30,NASA/HLS/HLSS30/v002/T49QEF_20241117T031011,NASA/HLS/HLSS30/v002,B4,B8A,Fmask,EPSG:32649,"[30,0,499980,0,-30,2600040]",false,false,false,false,(NIR-RED)/(NIR+RED); mask denominator=0; keep source masks,dimensionless; no further scale needed,exact_uint8_values_in_Float32,-9999,Float32,1.0
EB_FOREST,2024-11,2024-11-01,2024-12-01,EB_FOREST_HLS_2024-11_g1_NDVI_FMASK_v1.tif,11,s0005_L30_20241118T025821000_NDVI,NDVI,2024-11-18T02:58:21.000Z,1731898701000,L30,NASA/HLS/HLSL30/v002/T49QEF_20241118T025821,NASA/HLS/HLSL30/v002,B4,B5,Fmask,EPSG:32649,"[30,0,499980,0,-30,2600040]",false,false,false,false,(NIR-RED)/(NIR+RED); mask denominator=0; keep source masks,dimensionless; no further scale needed,exact_uint8_values_in_Float32,-9999,Float32,1.0
EB_FOREST,2024-11,2024-11-01,2024-12-01,EB_FOREST_HLS_2024-11_g1_NDVI_FMASK_v1.tif,12,s0005_L30_20241118T025821000_FMASK,FMASK,2024-11-18T02:58:21.000Z,1731898701000,L30,NASA/HLS/HLSL30/v002/T49QEF_20241118T025821,NASA/HLS/HLSL30/v002,B4,B5,Fmask,EPSG:32649,"[30,0,499980,0,-30,2600040]",false,false,false,false,(NIR-RED)/(NIR+RED); mask denominator=0; keep source masks,dimensionless; no further scale needed,exact_uint8_values_in_Float32,-9999,Float32,1.0
EB_FOREST,2024-11,2024-11-01,2024-12-01,EB_FOREST_HLS_2024-11_g1_NDVI_FMASK_v1.tif,13,s0006_S30_20241122T030939000_NDVI,NDVI,2024-11-22T03:09:39.000Z,1732244979000,S30,NASA/HLS/HLSS30/v002/T49QEF_20241122T030939,NASA/HLS/HLSS30/v002,B4,B8A,Fmask,EPSG:32649,"[30,0,499980,0,-30,2600040]",false,false,false,false,(NIR-RED)/(NIR+RED); mask denominator=0; keep source masks,dimensionless; no further scale needed,exact_uint8_values_in_Float32,-9999,Float32,1.0
EB_FOREST,2024-11,2024-11-01,2024-12-01,EB_FOREST_HLS_2024-11_g1_NDVI_FMASK_v1.tif,14,s0006_S30_20241122T030939000_FMASK,FMASK,2024-11-22T03:09:39.000Z,1732244979000,S30,NASA/HLS/HLSS30/v002/T49QEF_20241122T030939,NASA/HLS/HLSS30/v002,B4,B8A,Fmask,EPSG:32649,"[30,0,499980,0,-30,2600040]",false,false,false,false,(NIR-RED)/(NIR+RED); mask denominator=0; keep source masks,dimensionless; no further scale needed,exact_uint8_values_in_Float32,-9999,Float32,1.0
EB_FOREST,2024-11,2024-11-01,2024-12-01,EB_FOREST_HLS_2024-11_g1_NDVI_FMASK_v1.tif,15,s0007_L30_20241126T025833000_NDVI,NDVI,2024-11-26T02:58:33.000Z,1732589913000,L30,NASA/HLS/HLSL30/v002/T49QEF_20241126T025833,NASA/HLS/HLSL30/v002,B4,B5,Fmask,EPSG:32649,"[30,0,499980,0,-30,2600040]",false,false,false,false,(NIR-RED)/(NIR+RED); mask denominator=0; keep source masks,dimensionless; no further scale needed,exact_uint8_values_in_Float32,-9999,Float32,1.0
EB_FOREST,2024-11,2024-11-01,2024-12-01,EB_FOREST_HLS_2024-11_g1_NDVI_FMASK_v1.tif,16,s0007_L30_20241126T025833000_FMASK,FMASK,2024-11-26T02:58:33.000Z,1732589913000,L30,NASA/HLS/HLSL30/v002/T49QEF_20241126T025833,NASA/HLS/HLSL30/v002,B4,B5,Fmask,EPSG:32649,"[30,0,499980,0,-30,2600040]",false,false,false,false,(NIR-RED)/(NIR+RED); mask denominator=0; keep source masks,dimensionless; no further scale needed,exact_uint8_values_in_Float32,-9999,Float32,1.0
EB_FOREST,2024-11,2024-11-01,2024-12-01,EB_FOREST_HLS_2024-11_g1_NDVI_FMASK_v1.tif,17,s0008_S30_20241127T031051000_NDVI,NDVI,2024-11-27T03:10:51.000Z,1732677051000,S30,NASA/HLS/HLSS30/v002/T49QEF_20241127T031051,NASA/HLS/HLSS30/v002,B4,B8A,Fmask,EPSG:32649,"[30,0,499980,0,-30,2600040]",false,false,false,false,(NIR-RED)/(NIR+RED); mask denominator=0; keep source masks,dimensionless; no further scale needed,exact_uint8_values_in_Float32,-9999,Float32,1.0
EB_FOREST,2024-11,2024-11-01,2024-12-01,EB_FOREST_HLS_2024-11_g1_NDVI_FMASK_v1.tif,18,s0008_S30_20241127T031051000_FMASK,FMASK,2024-11-27T03:10:51.000Z,1732677051000,S30,NASA/HLS/HLSS30/v002/T49QEF_20241127T031051,NASA/HLS/HLSS30/v002,B4,B8A,Fmask,EPSG:32649,"[30,0,499980,0,-30,2600040]",false,false,false,false,(NIR-RED)/(NIR+RED); mask denominator=0; keep source masks,dimensionless; no further scale needed,exact_uint8_values_in_Float32,-9999,Float32,1.0
EB_FOREST,2024-12,2024-12-01,2025-01-01,EB_FOREST_HLS_2024-12_g1_NDVI_FMASK_v1.tif,1,s0000_S30_20241202T031019000_NDVI,NDVI,2024-12-02T03:10:19.000Z,1733109019000,S30,NASA/HLS/HLSS30/v002/T49QEF_20241202T031019,NASA/HLS/HLSS30/v002,B4,B8A,Fmask,EPSG:32649,"[30,0,499980,0,-30,2600040]",false,false,false,false,(NIR-RED)/(NIR+RED); mask denominator=0; keep source masks,dimensionless; no further scale needed,exact_uint8_values_in_Float32,-9999,Float32,1.0
EB_FOREST,2024-12,2024-12-01,2025-01-01,EB_FOREST_HLS_2024-12_g1_NDVI_FMASK_v1.tif,2,s0000_S30_20241202T031019000_FMASK,FMASK,2024-12-02T03:10:19.000Z,1733109019000,S30,NASA/HLS/HLSS30/v002/T49QEF_20241202T031019,NASA/HLS/HLSS30/v002,B4,B8A,Fmask,EPSG:32649,"[30,0,499980,0,-30,2600040]",false,false,false,false,(NIR-RED)/(NIR+RED); mask denominator=0; keep source masks,dimensionless; no further scale needed,exact_uint8_values_in_Float32,-9999,Float32,1.0
EB_FOREST,2024-12,2024-12-01,2025-01-01,EB_FOREST_HLS_2024-12_g1_NDVI_FMASK_v1.tif,3,s0001_L30_20241204T025827000_NDVI,NDVI,2024-12-04T02:58:27.000Z,1733281107000,L30,NASA/HLS/HLSL30/v002/T49QEF_20241204T025827,NASA/HLS/HLSL30/v002,B4,B5,Fmask,EPSG:32649,"[30,0,499980,0,-30,2600040]",false,false,false,false,(NIR-RED)/(NIR+RED); mask denominator=0; keep source masks,dimensionless; no further scale needed,exact_uint8_values_in_Float32,-9999,Float32,1.0
EB_FOREST,2024-12,2024-12-01,2025-01-01,EB_FOREST_HLS_2024-12_g1_NDVI_FMASK_v1.tif,4,s0001_L30_20241204T025827000_FMASK,FMASK,2024-12-04T02:58:27.000Z,1733281107000,L30,NASA/HLS/HLSL30/v002/T49QEF_20241204T025827,NASA/HLS/HLSL30/v002,B4,B5,Fmask,EPSG:32649,"[30,0,499980,0,-30,2600040]",false,false,false,false,(NIR-RED)/(NIR+RED); mask denominator=0; keep source masks,dimensionless; no further scale needed,exact_uint8_values_in_Float32,-9999,Float32,1.0
EB_FOREST,2024-12,2024-12-01,2025-01-01,EB_FOREST_HLS_2024-12_g1_NDVI_FMASK_v1.tif,5,s0002_S30_20241207T031121000_NDVI,NDVI,2024-12-07T03:11:21.000Z,1733541081000,S30,NASA/HLS/HLSS30/v002/T49QEF_20241207T031121,NASA/HLS/HLSS30/v002,B4,B8A,Fmask,EPSG:32649,"[30,0,499980,0,-30,2600040]",false,false,false,false,(NIR-RED)/(NIR+RED); mask denominator=0; keep source masks,dimensionless; no further scale needed,exact_uint8_values_in_Float32,-9999,Float32,1.0
EB_FOREST,2024-12,2024-12-01,2025-01-01,EB_FOREST_HLS_2024-12_g1_NDVI_FMASK_v1.tif,6,s0002_S30_20241207T031121000_FMASK,FMASK,2024-12-07T03:11:21.000Z,1733541081000,S30,NASA/HLS/HLSS30/v002/T49QEF_20241207T031121,NASA/HLS/HLSS30/v002,B4,B8A,Fmask,EPSG:32649,"[30,0,499980,0,-30,2600040]",false,false,false,false,(NIR-RED)/(NIR+RED); mask denominator=0; keep source masks,dimensionless; no further scale needed,exact_uint8_values_in_Float32,-9999,Float32,1.0
EB_FOREST,2024-12,2024-12-01,2025-01-01,EB_FOREST_HLS_2024-12_g1_NDVI_FMASK_v1.tif,7,s0003_L30_20241212T025824000_NDVI,NDVI,2024-12-12T02:58:24.000Z,1733972304000,L30,NASA/HLS/HLSL30/v002/T49QEF_20241212T025824,NASA/HLS/HLSL30/v002,B4,B5,Fmask,EPSG:32649,"[30,0,499980,0,-30,2600040]",false,false,false,false,(NIR-RED)/(NIR+RED); mask denominator=0; keep source masks,dimensionless; no further scale needed,exact_uint8_values_in_Float32,-9999,Float32,1.0
EB_FOREST,2024-12,2024-12-01,2025-01-01,EB_FOREST_HLS_2024-12_g1_NDVI_FMASK_v1.tif,8,s0003_L30_20241212T025824000_FMASK,FMASK,2024-12-12T02:58:24.000Z,1733972304000,L30,NASA/HLS/HLSL30/v002/T49QEF_20241212T025824,NASA/HLS/HLSL30/v002,B4,B5,Fmask,EPSG:32649,"[30,0,499980,0,-30,2600040]",false,false,false,false,(NIR-RED)/(NIR+RED); mask denominator=0; keep source masks,dimensionless; no further scale needed,exact_uint8_values_in_Float32,-9999,Float32,1.0
EB_FOREST,2024-12,2024-12-01,2025-01-01,EB_FOREST_HLS_2024-12_g1_NDVI_FMASK_v1.tif,9,s0004_S30_20241217T031131000_NDVI,NDVI,2024-12-17T03:11:31.000Z,1734405091000,S30,NASA/HLS/HLSS30/v002/T49QEF_20241217T031131,NASA/HLS/HLSS30/v002,B4,B8A,Fmask,EPSG:32649,"[30,0,499980,0,-30,2600040]",false,false,false,false,(NIR-RED)/(NIR+RED); mask denominator=0; keep source masks,dimensionless; no further scale needed,exact_uint8_values_in_Float32,-9999,Float32,1.0
EB_FOREST,2024-12,2024-12-01,2025-01-01,EB_FOREST_HLS_2024-12_g1_NDVI_FMASK_v1.tif,10,s0004_S30_20241217T031131000_FMASK,FMASK,2024-12-17T03:11:31.000Z,1734405091000,S30,NASA/HLS/HLSS30/v002/T49QEF_20241217T031131,NASA/HLS/HLSS30/v002,B4,B8A,Fmask,EPSG:32649,"[30,0,499980,0,-30,2600040]",false,false,false,false,(NIR-RED)/(NIR+RED); mask denominator=0; keep source masks,dimensionless; no further scale needed,exact_uint8_values_in_Float32,-9999,Float32,1.0
EB_FOREST,2024-12,2024-12-01,2025-01-01,EB_FOREST_HLS_2024-12_g1_NDVI_FMASK_v1.tif,11,s0005_L30_20241220T025819000_NDVI,NDVI,2024-12-20T02:58:19.000Z,1734663499000,L30,NASA/HLS/HLSL30/v002/T49QEF_20241220T025819,NASA/HLS/HLSL30/v002,B4,B5,Fmask,EPSG:32649,"[30,0,499980,0,-30,2600040]",false,false,false,false,(NIR-RED)/(NIR+RED); mask denominator=0; keep source masks,dimensionless; no further scale needed,exact_uint8_values_in_Float32,-9999,Float32,1.0
EB_FOREST,2024-12,2024-12-01,2025-01-01,EB_FOREST_HLS_2024-12_g1_NDVI_FMASK_v1.tif,12,s0005_L30_20241220T025819000_FMASK,FMASK,2024-12-20T02:58:19.000Z,1734663499000,L30,NASA/HLS/HLSL30/v002/T49QEF_20241220T025819,NASA/HLS/HLSL30/v002,B4,B5,Fmask,EPSG:32649,"[30,0,499980,0,-30,2600040]",false,false,false,false,(NIR-RED)/(NIR+RED); mask denominator=0; keep source masks,dimensionless; no further scale needed,exact_uint8_values_in_Float32,-9999,Float32,1.0
EB_FOREST,2024-12,2024-12-01,2025-01-01,EB_FOREST_HLS_2024-12_g1_NDVI_FMASK_v1.tif,13,s0006_S30_20241222T031039000_NDVI,NDVI,2024-12-22T03:10:39.000Z,1734837039000,S30,NASA/HLS/HLSS30/v002/T49QEF_20241222T031039,NASA/HLS/HLSS30/v002,B4,B8A,Fmask,EPSG:32649,"[30,0,499980,0,-30,2600040]",false,false,false,false,(NIR-RED)/(NIR+RED); mask denominator=0; keep source masks,dimensionless; no further scale needed,exact_uint8_values_in_Float32,-9999,Float32,1.0
EB_FOREST,2024-12,2024-12-01,2025-01-01,EB_FOREST_HLS_2024-12_g1_NDVI_FMASK_v1.tif,14,s0006_S30_20241222T031039000_FMASK,FMASK,2024-12-22T03:10:39.000Z,1734837039000,S30,NASA/HLS/HLSS30/v002/T49QEF_20241222T031039,NASA/HLS/HLSS30/v002,B4,B8A,Fmask,EPSG:32649,"[30,0,499980,0,-30,2600040]",false,false,false,false,(NIR-RED)/(NIR+RED); mask denominator=0; keep source masks,dimensionless; no further scale needed,exact_uint8_values_in_Float32,-9999,Float32,1.0
EB_FOREST,2024-12,2024-12-01,2025-01-01,EB_FOREST_HLS_2024-12_g1_NDVI_FMASK_v1.tif,15,s0007_S30_20241227T031141000_NDVI,NDVI,2024-12-27T03:11:41.000Z,1735269101000,S30,NASA/HLS/HLSS30/v002/T49QEF_20241227T031141,NASA/HLS/HLSS30/v002,B4,B8A,Fmask,EPSG:32649,"[30,0,499980,0,-30,2600040]",false,false,false,false,(NIR-RED)/(NIR+RED); mask denominator=0; keep source masks,dimensionless; no further scale needed,exact_uint8_values_in_Float32,-9999,Float32,1.0
EB_FOREST,2024-12,2024-12-01,2025-01-01,EB_FOREST_HLS_2024-12_g1_NDVI_FMASK_v1.tif,16,s0007_S30_20241227T031141000_FMASK,FMASK,2024-12-27T03:11:41.000Z,1735269101000,S30,NASA/HLS/HLSS30/v002/T49QEF_20241227T031141,NASA/HLS/HLSS30/v002,B4,B8A,Fmask,EPSG:32649,"[30,0,499980,0,-30,2600040]",false,false,false,false,(NIR-RED)/(NIR+RED); mask denominator=0; keep source masks,dimensionless; no further scale needed,exact_uint8_values_in_Float32,-9999,Float32,1.0
EB_FOREST,2024-12,2024-12-01,2025-01-01,EB_FOREST_HLS_2024-12_g1_NDVI_FMASK_v1.tif,17,s0008_L30_20241228T025827000_NDVI,NDVI,2024-12-28T02:58:27.000Z,1735354707000,L30,NASA/HLS/HLSL30/v002/T49QEF_20241228T025827,NASA/HLS/HLSL30/v002,B4,B5,Fmask,EPSG:32649,"[30,0,499980,0,-30,2600040]",false,false,false,false,(NIR-RED)/(NIR+RED); mask denominator=0; keep source masks,dimensionless; no further scale needed,exact_uint8_values_in_Float32,-9999,Float32,1.0
EB_FOREST,2024-12,2024-12-01,2025-01-01,EB_FOREST_HLS_2024-12_g1_NDVI_FMASK_v1.tif,18,s0008_L30_20241228T025827000_FMASK,FMASK,2024-12-28T02:58:27.000Z,1735354707000,L30,NASA/HLS/HLSL30/v002/T49QEF_20241228T025827,NASA/HLS/HLSL30/v002,B4,B5,Fmask,EPSG:32649,"[30,0,499980,0,-30,2600040]",false,false,false,false,(NIR-RED)/(NIR+RED); mask denominator=0; keep source masks,dimensionless; no further scale needed,exact_uint8_values_in_Float32,-9999,Float32,1.0
