band_index_1based,band_name,output_variable,source_band,formula,month,period_start,period_end_exclusive,time_start_ms,image_id,dataset_id,source_year,roi_id,roi_definition,buffer_m,boundary_source,boundary_name,output_file,export_dtype,export_nodata,source_scale_factor,source_add_offset,scaling_applied,unit,mask_policy,source_crs,source_crs_transform,export_crs,export_crs_transform,grid_definition,pixel_size_degrees,resampling_method,spatial_interpretation,recommended_alignment,source_grid_reference_image,script_version,task_created_utc
1,m01_tmin,tmin,tmmn,tmmn * 0.1,1,2016-01-01,2016-02-01,1451606400000,IDAHO_EPSCOR/TERRACLIMATE/201601,IDAHO_EPSCOR/TERRACLIMATE,2016,Beijing_buffer10km_bbox,boundary.geometry().buffer(1e4).bounds(),10000,FAO/GAUL/2015/level1,Beijing Shi,Beijing_TerraClimate_2016_bbox10km_wgs84_0p0416667deg_monthly_v1_1.tif,Float32,-9999,0.1,0,true,degree_Celsius,source_masks_retained_then_export_nodata,UNKNOWN,"[0.041666666666666664,0,-180,0,-0.041666666666666664,90]",EPSG:4326,"[0.041666666666666664,0,-180,0,-0.041666666666666664,90]",fixed_WGS84_1_over_24_degree_origin_-180_90,0.041666666666666664,nearest_neighbor_to_fixed_WGS84_grid,climate_grid_not_MODIS_500m_information,aggregate_MODIS_phenology_to_TerraClimate_grid,IDAHO_EPSCOR/TERRACLIMATE/200101,1.1,2026-09-19T06:45:14.109Z
2,m01_tmax,tmax,tmmx,tmmx * 0.1,1,2016-01-01,2016-02-01,1451606400000,IDAHO_EPSCOR/TERRACLIMATE/201601,IDAHO_EPSCOR/TERRACLIMATE,2016,Beijing_buffer10km_bbox,boundary.geometry().buffer(1e4).bounds(),10000,FAO/GAUL/2015/level1,Beijing Shi,Beijing_TerraClimate_2016_bbox10km_wgs84_0p0416667deg_monthly_v1_1.tif,Float32,-9999,0.1,0,true,degree_Celsius,source_masks_retained_then_export_nodata,UNKNOWN,"[0.041666666666666664,0,-180,0,-0.041666666666666664,90]",EPSG:4326,"[0.041666666666666664,0,-180,0,-0.041666666666666664,90]",fixed_WGS84_1_over_24_degree_origin_-180_90,0.041666666666666664,nearest_neighbor_to_fixed_WGS84_grid,climate_grid_not_MODIS_500m_information,aggregate_MODIS_phenology_to_TerraClimate_grid,IDAHO_EPSCOR/TERRACLIMATE/200101,1.1,2026-09-19T06:45:14.109Z
3,m01_tmean,tmean,"tmmn,tmmx",(tmmn * 0.1 + tmmx * 0.1) / 2,1,2016-01-01,2016-02-01,1451606400000,IDAHO_EPSCOR/TERRACLIMATE/201601,IDAHO_EPSCOR/TERRACLIMATE,2016,Beijing_buffer10km_bbox,boundary.geometry().buffer(1e4).bounds(),10000,FAO/GAUL/2015/level1,Beijing Shi,Beijing_TerraClimate_2016_bbox10km_wgs84_0p0416667deg_monthly_v1_1.tif,Float32,-9999,"0.1,0.1","0,0",true,degree_Celsius,source_masks_retained_then_export_nodata,UNKNOWN,"[0.041666666666666664,0,-180,0,-0.041666666666666664,90]",EPSG:4326,"[0.041666666666666664,0,-180,0,-0.041666666666666664,90]",fixed_WGS84_1_over_24_degree_origin_-180_90,0.041666666666666664,nearest_neighbor_to_fixed_WGS84_grid,climate_grid_not_MODIS_500m_information,aggregate_MODIS_phenology_to_TerraClimate_grid,IDAHO_EPSCOR/TERRACLIMATE/200101,1.1,2026-09-19T06:45:14.109Z
4,m01_ppt,ppt,pr,pr,1,2016-01-01,2016-02-01,1451606400000,IDAHO_EPSCOR/TERRACLIMATE/201601,IDAHO_EPSCOR/TERRACLIMATE,2016,Beijing_buffer10km_bbox,boundary.geometry().buffer(1e4).bounds(),10000,FAO/GAUL/2015/level1,Beijing Shi,Beijing_TerraClimate_2016_bbox10km_wgs84_0p0416667deg_monthly_v1_1.tif,Float32,-9999,1,0,true,mm_per_month,source_masks_retained_then_export_nodata,UNKNOWN,"[0.041666666666666664,0,-180,0,-0.041666666666666664,90]",EPSG:4326,"[0.041666666666666664,0,-180,0,-0.041666666666666664,90]",fixed_WGS84_1_over_24_degree_origin_-180_90,0.041666666666666664,nearest_neighbor_to_fixed_WGS84_grid,climate_grid_not_MODIS_500m_information,aggregate_MODIS_phenology_to_TerraClimate_grid,IDAHO_EPSCOR/TERRACLIMATE/200101,1.1,2026-09-19T06:45:14.109Z
5,m01_soil,soil,soil,soil * 0.1,1,2016-01-01,2016-02-01,1451606400000,IDAHO_EPSCOR/TERRACLIMATE/201601,IDAHO_EPSCOR/TERRACLIMATE,2016,Beijing_buffer10km_bbox,boundary.geometry().buffer(1e4).bounds(),10000,FAO/GAUL/2015/level1,Beijing Shi,Beijing_TerraClimate_2016_bbox10km_wgs84_0p0416667deg_monthly_v1_1.tif,Float32,-9999,0.1,0,true,mm,source_masks_retained_then_export_nodata,UNKNOWN,"[0.041666666666666664,0,-180,0,-0.041666666666666664,90]",EPSG:4326,"[0.041666666666666664,0,-180,0,-0.041666666666666664,90]",fixed_WGS84_1_over_24_degree_origin_-180_90,0.041666666666666664,nearest_neighbor_to_fixed_WGS84_grid,climate_grid_not_MODIS_500m_information,aggregate_MODIS_phenology_to_TerraClimate_grid,IDAHO_EPSCOR/TERRACLIMATE/200101,1.1,2026-09-19T06:45:14.109Z
6,m02_tmin,tmin,tmmn,tmmn * 0.1,2,2016-02-01,2016-03-01,1454284800000,IDAHO_EPSCOR/TERRACLIMATE/201602,IDAHO_EPSCOR/TERRACLIMATE,2016,Beijing_buffer10km_bbox,boundary.geometry().buffer(1e4).bounds(),10000,FAO/GAUL/2015/level1,Beijing Shi,Beijing_TerraClimate_2016_bbox10km_wgs84_0p0416667deg_monthly_v1_1.tif,Float32,-9999,0.1,0,true,degree_Celsius,source_masks_retained_then_export_nodata,UNKNOWN,"[0.041666666666666664,0,-180,0,-0.041666666666666664,90]",EPSG:4326,"[0.041666666666666664,0,-180,0,-0.041666666666666664,90]",fixed_WGS84_1_over_24_degree_origin_-180_90,0.041666666666666664,nearest_neighbor_to_fixed_WGS84_grid,climate_grid_not_MODIS_500m_information,aggregate_MODIS_phenology_to_TerraClimate_grid,IDAHO_EPSCOR/TERRACLIMATE/200101,1.1,2026-09-19T06:45:14.109Z
7,m02_tmax,tmax,tmmx,tmmx * 0.1,2,2016-02-01,2016-03-01,1454284800000,IDAHO_EPSCOR/TERRACLIMATE/201602,IDAHO_EPSCOR/TERRACLIMATE,2016,Beijing_buffer10km_bbox,boundary.geometry().buffer(1e4).bounds(),10000,FAO/GAUL/2015/level1,Beijing Shi,Beijing_TerraClimate_2016_bbox10km_wgs84_0p0416667deg_monthly_v1_1.tif,Float32,-9999,0.1,0,true,degree_Celsius,source_masks_retained_then_export_nodata,UNKNOWN,"[0.041666666666666664,0,-180,0,-0.041666666666666664,90]",EPSG:4326,"[0.041666666666666664,0,-180,0,-0.041666666666666664,90]",fixed_WGS84_1_over_24_degree_origin_-180_90,0.041666666666666664,nearest_neighbor_to_fixed_WGS84_grid,climate_grid_not_MODIS_500m_information,aggregate_MODIS_phenology_to_TerraClimate_grid,IDAHO_EPSCOR/TERRACLIMATE/200101,1.1,2026-09-19T06:45:14.109Z
8,m02_tmean,tmean,"tmmn,tmmx",(tmmn * 0.1 + tmmx * 0.1) / 2,2,2016-02-01,2016-03-01,1454284800000,IDAHO_EPSCOR/TERRACLIMATE/201602,IDAHO_EPSCOR/TERRACLIMATE,2016,Beijing_buffer10km_bbox,boundary.geometry().buffer(1e4).bounds(),10000,FAO/GAUL/2015/level1,Beijing Shi,Beijing_TerraClimate_2016_bbox10km_wgs84_0p0416667deg_monthly_v1_1.tif,Float32,-9999,"0.1,0.1","0,0",true,degree_Celsius,source_masks_retained_then_export_nodata,UNKNOWN,"[0.041666666666666664,0,-180,0,-0.041666666666666664,90]",EPSG:4326,"[0.041666666666666664,0,-180,0,-0.041666666666666664,90]",fixed_WGS84_1_over_24_degree_origin_-180_90,0.041666666666666664,nearest_neighbor_to_fixed_WGS84_grid,climate_grid_not_MODIS_500m_information,aggregate_MODIS_phenology_to_TerraClimate_grid,IDAHO_EPSCOR/TERRACLIMATE/200101,1.1,2026-09-19T06:45:14.109Z
9,m02_ppt,ppt,pr,pr,2,2016-02-01,2016-03-01,1454284800000,IDAHO_EPSCOR/TERRACLIMATE/201602,IDAHO_EPSCOR/TERRACLIMATE,2016,Beijing_buffer10km_bbox,boundary.geometry().buffer(1e4).bounds(),10000,FAO/GAUL/2015/level1,Beijing Shi,Beijing_TerraClimate_2016_bbox10km_wgs84_0p0416667deg_monthly_v1_1.tif,Float32,-9999,1,0,true,mm_per_month,source_masks_retained_then_export_nodata,UNKNOWN,"[0.041666666666666664,0,-180,0,-0.041666666666666664,90]",EPSG:4326,"[0.041666666666666664,0,-180,0,-0.041666666666666664,90]",fixed_WGS84_1_over_24_degree_origin_-180_90,0.041666666666666664,nearest_neighbor_to_fixed_WGS84_grid,climate_grid_not_MODIS_500m_information,aggregate_MODIS_phenology_to_TerraClimate_grid,IDAHO_EPSCOR/TERRACLIMATE/200101,1.1,2026-09-19T06:45:14.109Z
10,m02_soil,soil,soil,soil * 0.1,2,2016-02-01,2016-03-01,1454284800000,IDAHO_EPSCOR/TERRACLIMATE/201602,IDAHO_EPSCOR/TERRACLIMATE,2016,Beijing_buffer10km_bbox,boundary.geometry().buffer(1e4).bounds(),10000,FAO/GAUL/2015/level1,Beijing Shi,Beijing_TerraClimate_2016_bbox10km_wgs84_0p0416667deg_monthly_v1_1.tif,Float32,-9999,0.1,0,true,mm,source_masks_retained_then_export_nodata,UNKNOWN,"[0.041666666666666664,0,-180,0,-0.041666666666666664,90]",EPSG:4326,"[0.041666666666666664,0,-180,0,-0.041666666666666664,90]",fixed_WGS84_1_over_24_degree_origin_-180_90,0.041666666666666664,nearest_neighbor_to_fixed_WGS84_grid,climate_grid_not_MODIS_500m_information,aggregate_MODIS_phenology_to_TerraClimate_grid,IDAHO_EPSCOR/TERRACLIMATE/200101,1.1,2026-09-19T06:45:14.109Z
11,m03_tmin,tmin,tmmn,tmmn * 0.1,3,2016-03-01,2016-04-01,1456790400000,IDAHO_EPSCOR/TERRACLIMATE/201603,IDAHO_EPSCOR/TERRACLIMATE,2016,Beijing_buffer10km_bbox,boundary.geometry().buffer(1e4).bounds(),10000,FAO/GAUL/2015/level1,Beijing Shi,Beijing_TerraClimate_2016_bbox10km_wgs84_0p0416667deg_monthly_v1_1.tif,Float32,-9999,0.1,0,true,degree_Celsius,source_masks_retained_then_export_nodata,UNKNOWN,"[0.041666666666666664,0,-180,0,-0.041666666666666664,90]",EPSG:4326,"[0.041666666666666664,0,-180,0,-0.041666666666666664,90]",fixed_WGS84_1_over_24_degree_origin_-180_90,0.041666666666666664,nearest_neighbor_to_fixed_WGS84_grid,climate_grid_not_MODIS_500m_information,aggregate_MODIS_phenology_to_TerraClimate_grid,IDAHO_EPSCOR/TERRACLIMATE/200101,1.1,2026-09-19T06:45:14.109Z
12,m03_tmax,tmax,tmmx,tmmx * 0.1,3,2016-03-01,2016-04-01,1456790400000,IDAHO_EPSCOR/TERRACLIMATE/201603,IDAHO_EPSCOR/TERRACLIMATE,2016,Beijing_buffer10km_bbox,boundary.geometry().buffer(1e4).bounds(),10000,FAO/GAUL/2015/level1,Beijing Shi,Beijing_TerraClimate_2016_bbox10km_wgs84_0p0416667deg_monthly_v1_1.tif,Float32,-9999,0.1,0,true,degree_Celsius,source_masks_retained_then_export_nodata,UNKNOWN,"[0.041666666666666664,0,-180,0,-0.041666666666666664,90]",EPSG:4326,"[0.041666666666666664,0,-180,0,-0.041666666666666664,90]",fixed_WGS84_1_over_24_degree_origin_-180_90,0.041666666666666664,nearest_neighbor_to_fixed_WGS84_grid,climate_grid_not_MODIS_500m_information,aggregate_MODIS_phenology_to_TerraClimate_grid,IDAHO_EPSCOR/TERRACLIMATE/200101,1.1,2026-09-19T06:45:14.109Z
13,m03_tmean,tmean,"tmmn,tmmx",(tmmn * 0.1 + tmmx * 0.1) / 2,3,2016-03-01,2016-04-01,1456790400000,IDAHO_EPSCOR/TERRACLIMATE/201603,IDAHO_EPSCOR/TERRACLIMATE,2016,Beijing_buffer10km_bbox,boundary.geometry().buffer(1e4).bounds(),10000,FAO/GAUL/2015/level1,Beijing Shi,Beijing_TerraClimate_2016_bbox10km_wgs84_0p0416667deg_monthly_v1_1.tif,Float32,-9999,"0.1,0.1","0,0",true,degree_Celsius,source_masks_retained_then_export_nodata,UNKNOWN,"[0.041666666666666664,0,-180,0,-0.041666666666666664,90]",EPSG:4326,"[0.041666666666666664,0,-180,0,-0.041666666666666664,90]",fixed_WGS84_1_over_24_degree_origin_-180_90,0.041666666666666664,nearest_neighbor_to_fixed_WGS84_grid,climate_grid_not_MODIS_500m_information,aggregate_MODIS_phenology_to_TerraClimate_grid,IDAHO_EPSCOR/TERRACLIMATE/200101,1.1,2026-09-19T06:45:14.109Z
14,m03_ppt,ppt,pr,pr,3,2016-03-01,2016-04-01,1456790400000,IDAHO_EPSCOR/TERRACLIMATE/201603,IDAHO_EPSCOR/TERRACLIMATE,2016,Beijing_buffer10km_bbox,boundary.geometry().buffer(1e4).bounds(),10000,FAO/GAUL/2015/level1,Beijing Shi,Beijing_TerraClimate_2016_bbox10km_wgs84_0p0416667deg_monthly_v1_1.tif,Float32,-9999,1,0,true,mm_per_month,source_masks_retained_then_export_nodata,UNKNOWN,"[0.041666666666666664,0,-180,0,-0.041666666666666664,90]",EPSG:4326,"[0.041666666666666664,0,-180,0,-0.041666666666666664,90]",fixed_WGS84_1_over_24_degree_origin_-180_90,0.041666666666666664,nearest_neighbor_to_fixed_WGS84_grid,climate_grid_not_MODIS_500m_information,aggregate_MODIS_phenology_to_TerraClimate_grid,IDAHO_EPSCOR/TERRACLIMATE/200101,1.1,2026-09-19T06:45:14.109Z
15,m03_soil,soil,soil,soil * 0.1,3,2016-03-01,2016-04-01,1456790400000,IDAHO_EPSCOR/TERRACLIMATE/201603,IDAHO_EPSCOR/TERRACLIMATE,2016,Beijing_buffer10km_bbox,boundary.geometry().buffer(1e4).bounds(),10000,FAO/GAUL/2015/level1,Beijing Shi,Beijing_TerraClimate_2016_bbox10km_wgs84_0p0416667deg_monthly_v1_1.tif,Float32,-9999,0.1,0,true,mm,source_masks_retained_then_export_nodata,UNKNOWN,"[0.041666666666666664,0,-180,0,-0.041666666666666664,90]",EPSG:4326,"[0.041666666666666664,0,-180,0,-0.041666666666666664,90]",fixed_WGS84_1_over_24_degree_origin_-180_90,0.041666666666666664,nearest_neighbor_to_fixed_WGS84_grid,climate_grid_not_MODIS_500m_information,aggregate_MODIS_phenology_to_TerraClimate_grid,IDAHO_EPSCOR/TERRACLIMATE/200101,1.1,2026-09-19T06:45:14.109Z
16,m04_tmin,tmin,tmmn,tmmn * 0.1,4,2016-04-01,2016-05-01,1459468800000,IDAHO_EPSCOR/TERRACLIMATE/201604,IDAHO_EPSCOR/TERRACLIMATE,2016,Beijing_buffer10km_bbox,boundary.geometry().buffer(1e4).bounds(),10000,FAO/GAUL/2015/level1,Beijing Shi,Beijing_TerraClimate_2016_bbox10km_wgs84_0p0416667deg_monthly_v1_1.tif,Float32,-9999,0.1,0,true,degree_Celsius,source_masks_retained_then_export_nodata,UNKNOWN,"[0.041666666666666664,0,-180,0,-0.041666666666666664,90]",EPSG:4326,"[0.041666666666666664,0,-180,0,-0.041666666666666664,90]",fixed_WGS84_1_over_24_degree_origin_-180_90,0.041666666666666664,nearest_neighbor_to_fixed_WGS84_grid,climate_grid_not_MODIS_500m_information,aggregate_MODIS_phenology_to_TerraClimate_grid,IDAHO_EPSCOR/TERRACLIMATE/200101,1.1,2026-09-19T06:45:14.109Z
17,m04_tmax,tmax,tmmx,tmmx * 0.1,4,2016-04-01,2016-05-01,1459468800000,IDAHO_EPSCOR/TERRACLIMATE/201604,IDAHO_EPSCOR/TERRACLIMATE,2016,Beijing_buffer10km_bbox,boundary.geometry().buffer(1e4).bounds(),10000,FAO/GAUL/2015/level1,Beijing Shi,Beijing_TerraClimate_2016_bbox10km_wgs84_0p0416667deg_monthly_v1_1.tif,Float32,-9999,0.1,0,true,degree_Celsius,source_masks_retained_then_export_nodata,UNKNOWN,"[0.041666666666666664,0,-180,0,-0.041666666666666664,90]",EPSG:4326,"[0.041666666666666664,0,-180,0,-0.041666666666666664,90]",fixed_WGS84_1_over_24_degree_origin_-180_90,0.041666666666666664,nearest_neighbor_to_fixed_WGS84_grid,climate_grid_not_MODIS_500m_information,aggregate_MODIS_phenology_to_TerraClimate_grid,IDAHO_EPSCOR/TERRACLIMATE/200101,1.1,2026-09-19T06:45:14.109Z
18,m04_tmean,tmean,"tmmn,tmmx",(tmmn * 0.1 + tmmx * 0.1) / 2,4,2016-04-01,2016-05-01,1459468800000,IDAHO_EPSCOR/TERRACLIMATE/201604,IDAHO_EPSCOR/TERRACLIMATE,2016,Beijing_buffer10km_bbox,boundary.geometry().buffer(1e4).bounds(),10000,FAO/GAUL/2015/level1,Beijing Shi,Beijing_TerraClimate_2016_bbox10km_wgs84_0p0416667deg_monthly_v1_1.tif,Float32,-9999,"0.1,0.1","0,0",true,degree_Celsius,source_masks_retained_then_export_nodata,UNKNOWN,"[0.041666666666666664,0,-180,0,-0.041666666666666664,90]",EPSG:4326,"[0.041666666666666664,0,-180,0,-0.041666666666666664,90]",fixed_WGS84_1_over_24_degree_origin_-180_90,0.041666666666666664,nearest_neighbor_to_fixed_WGS84_grid,climate_grid_not_MODIS_500m_information,aggregate_MODIS_phenology_to_TerraClimate_grid,IDAHO_EPSCOR/TERRACLIMATE/200101,1.1,2026-09-19T06:45:14.109Z
19,m04_ppt,ppt,pr,pr,4,2016-04-01,2016-05-01,1459468800000,IDAHO_EPSCOR/TERRACLIMATE/201604,IDAHO_EPSCOR/TERRACLIMATE,2016,Beijing_buffer10km_bbox,boundary.geometry().buffer(1e4).bounds(),10000,FAO/GAUL/2015/level1,Beijing Shi,Beijing_TerraClimate_2016_bbox10km_wgs84_0p0416667deg_monthly_v1_1.tif,Float32,-9999,1,0,true,mm_per_month,source_masks_retained_then_export_nodata,UNKNOWN,"[0.041666666666666664,0,-180,0,-0.041666666666666664,90]",EPSG:4326,"[0.041666666666666664,0,-180,0,-0.041666666666666664,90]",fixed_WGS84_1_over_24_degree_origin_-180_90,0.041666666666666664,nearest_neighbor_to_fixed_WGS84_grid,climate_grid_not_MODIS_500m_information,aggregate_MODIS_phenology_to_TerraClimate_grid,IDAHO_EPSCOR/TERRACLIMATE/200101,1.1,2026-09-19T06:45:14.109Z
20,m04_soil,soil,soil,soil * 0.1,4,2016-04-01,2016-05-01,1459468800000,IDAHO_EPSCOR/TERRACLIMATE/201604,IDAHO_EPSCOR/TERRACLIMATE,2016,Beijing_buffer10km_bbox,boundary.geometry().buffer(1e4).bounds(),10000,FAO/GAUL/2015/level1,Beijing Shi,Beijing_TerraClimate_2016_bbox10km_wgs84_0p0416667deg_monthly_v1_1.tif,Float32,-9999,0.1,0,true,mm,source_masks_retained_then_export_nodata,UNKNOWN,"[0.041666666666666664,0,-180,0,-0.041666666666666664,90]",EPSG:4326,"[0.041666666666666664,0,-180,0,-0.041666666666666664,90]",fixed_WGS84_1_over_24_degree_origin_-180_90,0.041666666666666664,nearest_neighbor_to_fixed_WGS84_grid,climate_grid_not_MODIS_500m_information,aggregate_MODIS_phenology_to_TerraClimate_grid,IDAHO_EPSCOR/TERRACLIMATE/200101,1.1,2026-09-19T06:45:14.109Z
21,m05_tmin,tmin,tmmn,tmmn * 0.1,5,2016-05-01,2016-06-01,1462060800000,IDAHO_EPSCOR/TERRACLIMATE/201605,IDAHO_EPSCOR/TERRACLIMATE,2016,Beijing_buffer10km_bbox,boundary.geometry().buffer(1e4).bounds(),10000,FAO/GAUL/2015/level1,Beijing Shi,Beijing_TerraClimate_2016_bbox10km_wgs84_0p0416667deg_monthly_v1_1.tif,Float32,-9999,0.1,0,true,degree_Celsius,source_masks_retained_then_export_nodata,UNKNOWN,"[0.041666666666666664,0,-180,0,-0.041666666666666664,90]",EPSG:4326,"[0.041666666666666664,0,-180,0,-0.041666666666666664,90]",fixed_WGS84_1_over_24_degree_origin_-180_90,0.041666666666666664,nearest_neighbor_to_fixed_WGS84_grid,climate_grid_not_MODIS_500m_information,aggregate_MODIS_phenology_to_TerraClimate_grid,IDAHO_EPSCOR/TERRACLIMATE/200101,1.1,2026-09-19T06:45:14.109Z
22,m05_tmax,tmax,tmmx,tmmx * 0.1,5,2016-05-01,2016-06-01,1462060800000,IDAHO_EPSCOR/TERRACLIMATE/201605,IDAHO_EPSCOR/TERRACLIMATE,2016,Beijing_buffer10km_bbox,boundary.geometry().buffer(1e4).bounds(),10000,FAO/GAUL/2015/level1,Beijing Shi,Beijing_TerraClimate_2016_bbox10km_wgs84_0p0416667deg_monthly_v1_1.tif,Float32,-9999,0.1,0,true,degree_Celsius,source_masks_retained_then_export_nodata,UNKNOWN,"[0.041666666666666664,0,-180,0,-0.041666666666666664,90]",EPSG:4326,"[0.041666666666666664,0,-180,0,-0.041666666666666664,90]",fixed_WGS84_1_over_24_degree_origin_-180_90,0.041666666666666664,nearest_neighbor_to_fixed_WGS84_grid,climate_grid_not_MODIS_500m_information,aggregate_MODIS_phenology_to_TerraClimate_grid,IDAHO_EPSCOR/TERRACLIMATE/200101,1.1,2026-09-19T06:45:14.109Z
23,m05_tmean,tmean,"tmmn,tmmx",(tmmn * 0.1 + tmmx * 0.1) / 2,5,2016-05-01,2016-06-01,1462060800000,IDAHO_EPSCOR/TERRACLIMATE/201605,IDAHO_EPSCOR/TERRACLIMATE,2016,Beijing_buffer10km_bbox,boundary.geometry().buffer(1e4).bounds(),10000,FAO/GAUL/2015/level1,Beijing Shi,Beijing_TerraClimate_2016_bbox10km_wgs84_0p0416667deg_monthly_v1_1.tif,Float32,-9999,"0.1,0.1","0,0",true,degree_Celsius,source_masks_retained_then_export_nodata,UNKNOWN,"[0.041666666666666664,0,-180,0,-0.041666666666666664,90]",EPSG:4326,"[0.041666666666666664,0,-180,0,-0.041666666666666664,90]",fixed_WGS84_1_over_24_degree_origin_-180_90,0.041666666666666664,nearest_neighbor_to_fixed_WGS84_grid,climate_grid_not_MODIS_500m_information,aggregate_MODIS_phenology_to_TerraClimate_grid,IDAHO_EPSCOR/TERRACLIMATE/200101,1.1,2026-09-19T06:45:14.109Z
24,m05_ppt,ppt,pr,pr,5,2016-05-01,2016-06-01,1462060800000,IDAHO_EPSCOR/TERRACLIMATE/201605,IDAHO_EPSCOR/TERRACLIMATE,2016,Beijing_buffer10km_bbox,boundary.geometry().buffer(1e4).bounds(),10000,FAO/GAUL/2015/level1,Beijing Shi,Beijing_TerraClimate_2016_bbox10km_wgs84_0p0416667deg_monthly_v1_1.tif,Float32,-9999,1,0,true,mm_per_month,source_masks_retained_then_export_nodata,UNKNOWN,"[0.041666666666666664,0,-180,0,-0.041666666666666664,90]",EPSG:4326,"[0.041666666666666664,0,-180,0,-0.041666666666666664,90]",fixed_WGS84_1_over_24_degree_origin_-180_90,0.041666666666666664,nearest_neighbor_to_fixed_WGS84_grid,climate_grid_not_MODIS_500m_information,aggregate_MODIS_phenology_to_TerraClimate_grid,IDAHO_EPSCOR/TERRACLIMATE/200101,1.1,2026-09-19T06:45:14.109Z
25,m05_soil,soil,soil,soil * 0.1,5,2016-05-01,2016-06-01,1462060800000,IDAHO_EPSCOR/TERRACLIMATE/201605,IDAHO_EPSCOR/TERRACLIMATE,2016,Beijing_buffer10km_bbox,boundary.geometry().buffer(1e4).bounds(),10000,FAO/GAUL/2015/level1,Beijing Shi,Beijing_TerraClimate_2016_bbox10km_wgs84_0p0416667deg_monthly_v1_1.tif,Float32,-9999,0.1,0,true,mm,source_masks_retained_then_export_nodata,UNKNOWN,"[0.041666666666666664,0,-180,0,-0.041666666666666664,90]",EPSG:4326,"[0.041666666666666664,0,-180,0,-0.041666666666666664,90]",fixed_WGS84_1_over_24_degree_origin_-180_90,0.041666666666666664,nearest_neighbor_to_fixed_WGS84_grid,climate_grid_not_MODIS_500m_information,aggregate_MODIS_phenology_to_TerraClimate_grid,IDAHO_EPSCOR/TERRACLIMATE/200101,1.1,2026-09-19T06:45:14.109Z
26,m06_tmin,tmin,tmmn,tmmn * 0.1,6,2016-06-01,2016-07-01,1464739200000,IDAHO_EPSCOR/TERRACLIMATE/201606,IDAHO_EPSCOR/TERRACLIMATE,2016,Beijing_buffer10km_bbox,boundary.geometry().buffer(1e4).bounds(),10000,FAO/GAUL/2015/level1,Beijing Shi,Beijing_TerraClimate_2016_bbox10km_wgs84_0p0416667deg_monthly_v1_1.tif,Float32,-9999,0.1,0,true,degree_Celsius,source_masks_retained_then_export_nodata,UNKNOWN,"[0.041666666666666664,0,-180,0,-0.041666666666666664,90]",EPSG:4326,"[0.041666666666666664,0,-180,0,-0.041666666666666664,90]",fixed_WGS84_1_over_24_degree_origin_-180_90,0.041666666666666664,nearest_neighbor_to_fixed_WGS84_grid,climate_grid_not_MODIS_500m_information,aggregate_MODIS_phenology_to_TerraClimate_grid,IDAHO_EPSCOR/TERRACLIMATE/200101,1.1,2026-09-19T06:45:14.109Z
27,m06_tmax,tmax,tmmx,tmmx * 0.1,6,2016-06-01,2016-07-01,1464739200000,IDAHO_EPSCOR/TERRACLIMATE/201606,IDAHO_EPSCOR/TERRACLIMATE,2016,Beijing_buffer10km_bbox,boundary.geometry().buffer(1e4).bounds(),10000,FAO/GAUL/2015/level1,Beijing Shi,Beijing_TerraClimate_2016_bbox10km_wgs84_0p0416667deg_monthly_v1_1.tif,Float32,-9999,0.1,0,true,degree_Celsius,source_masks_retained_then_export_nodata,UNKNOWN,"[0.041666666666666664,0,-180,0,-0.041666666666666664,90]",EPSG:4326,"[0.041666666666666664,0,-180,0,-0.041666666666666664,90]",fixed_WGS84_1_over_24_degree_origin_-180_90,0.041666666666666664,nearest_neighbor_to_fixed_WGS84_grid,climate_grid_not_MODIS_500m_information,aggregate_MODIS_phenology_to_TerraClimate_grid,IDAHO_EPSCOR/TERRACLIMATE/200101,1.1,2026-09-19T06:45:14.109Z
28,m06_tmean,tmean,"tmmn,tmmx",(tmmn * 0.1 + tmmx * 0.1) / 2,6,2016-06-01,2016-07-01,1464739200000,IDAHO_EPSCOR/TERRACLIMATE/201606,IDAHO_EPSCOR/TERRACLIMATE,2016,Beijing_buffer10km_bbox,boundary.geometry().buffer(1e4).bounds(),10000,FAO/GAUL/2015/level1,Beijing Shi,Beijing_TerraClimate_2016_bbox10km_wgs84_0p0416667deg_monthly_v1_1.tif,Float32,-9999,"0.1,0.1","0,0",true,degree_Celsius,source_masks_retained_then_export_nodata,UNKNOWN,"[0.041666666666666664,0,-180,0,-0.041666666666666664,90]",EPSG:4326,"[0.041666666666666664,0,-180,0,-0.041666666666666664,90]",fixed_WGS84_1_over_24_degree_origin_-180_90,0.041666666666666664,nearest_neighbor_to_fixed_WGS84_grid,climate_grid_not_MODIS_500m_information,aggregate_MODIS_phenology_to_TerraClimate_grid,IDAHO_EPSCOR/TERRACLIMATE/200101,1.1,2026-09-19T06:45:14.109Z
29,m06_ppt,ppt,pr,pr,6,2016-06-01,2016-07-01,1464739200000,IDAHO_EPSCOR/TERRACLIMATE/201606,IDAHO_EPSCOR/TERRACLIMATE,2016,Beijing_buffer10km_bbox,boundary.geometry().buffer(1e4).bounds(),10000,FAO/GAUL/2015/level1,Beijing Shi,Beijing_TerraClimate_2016_bbox10km_wgs84_0p0416667deg_monthly_v1_1.tif,Float32,-9999,1,0,true,mm_per_month,source_masks_retained_then_export_nodata,UNKNOWN,"[0.041666666666666664,0,-180,0,-0.041666666666666664,90]",EPSG:4326,"[0.041666666666666664,0,-180,0,-0.041666666666666664,90]",fixed_WGS84_1_over_24_degree_origin_-180_90,0.041666666666666664,nearest_neighbor_to_fixed_WGS84_grid,climate_grid_not_MODIS_500m_information,aggregate_MODIS_phenology_to_TerraClimate_grid,IDAHO_EPSCOR/TERRACLIMATE/200101,1.1,2026-09-19T06:45:14.109Z
30,m06_soil,soil,soil,soil * 0.1,6,2016-06-01,2016-07-01,1464739200000,IDAHO_EPSCOR/TERRACLIMATE/201606,IDAHO_EPSCOR/TERRACLIMATE,2016,Beijing_buffer10km_bbox,boundary.geometry().buffer(1e4).bounds(),10000,FAO/GAUL/2015/level1,Beijing Shi,Beijing_TerraClimate_2016_bbox10km_wgs84_0p0416667deg_monthly_v1_1.tif,Float32,-9999,0.1,0,true,mm,source_masks_retained_then_export_nodata,UNKNOWN,"[0.041666666666666664,0,-180,0,-0.041666666666666664,90]",EPSG:4326,"[0.041666666666666664,0,-180,0,-0.041666666666666664,90]",fixed_WGS84_1_over_24_degree_origin_-180_90,0.041666666666666664,nearest_neighbor_to_fixed_WGS84_grid,climate_grid_not_MODIS_500m_information,aggregate_MODIS_phenology_to_TerraClimate_grid,IDAHO_EPSCOR/TERRACLIMATE/200101,1.1,2026-09-19T06:45:14.109Z
31,m07_tmin,tmin,tmmn,tmmn * 0.1,7,2016-07-01,2016-08-01,1467331200000,IDAHO_EPSCOR/TERRACLIMATE/201607,IDAHO_EPSCOR/TERRACLIMATE,2016,Beijing_buffer10km_bbox,boundary.geometry().buffer(1e4).bounds(),10000,FAO/GAUL/2015/level1,Beijing Shi,Beijing_TerraClimate_2016_bbox10km_wgs84_0p0416667deg_monthly_v1_1.tif,Float32,-9999,0.1,0,true,degree_Celsius,source_masks_retained_then_export_nodata,UNKNOWN,"[0.041666666666666664,0,-180,0,-0.041666666666666664,90]",EPSG:4326,"[0.041666666666666664,0,-180,0,-0.041666666666666664,90]",fixed_WGS84_1_over_24_degree_origin_-180_90,0.041666666666666664,nearest_neighbor_to_fixed_WGS84_grid,climate_grid_not_MODIS_500m_information,aggregate_MODIS_phenology_to_TerraClimate_grid,IDAHO_EPSCOR/TERRACLIMATE/200101,1.1,2026-09-19T06:45:14.109Z
32,m07_tmax,tmax,tmmx,tmmx * 0.1,7,2016-07-01,2016-08-01,1467331200000,IDAHO_EPSCOR/TERRACLIMATE/201607,IDAHO_EPSCOR/TERRACLIMATE,2016,Beijing_buffer10km_bbox,boundary.geometry().buffer(1e4).bounds(),10000,FAO/GAUL/2015/level1,Beijing Shi,Beijing_TerraClimate_2016_bbox10km_wgs84_0p0416667deg_monthly_v1_1.tif,Float32,-9999,0.1,0,true,degree_Celsius,source_masks_retained_then_export_nodata,UNKNOWN,"[0.041666666666666664,0,-180,0,-0.041666666666666664,90]",EPSG:4326,"[0.041666666666666664,0,-180,0,-0.041666666666666664,90]",fixed_WGS84_1_over_24_degree_origin_-180_90,0.041666666666666664,nearest_neighbor_to_fixed_WGS84_grid,climate_grid_not_MODIS_500m_information,aggregate_MODIS_phenology_to_TerraClimate_grid,IDAHO_EPSCOR/TERRACLIMATE/200101,1.1,2026-09-19T06:45:14.109Z
33,m07_tmean,tmean,"tmmn,tmmx",(tmmn * 0.1 + tmmx * 0.1) / 2,7,2016-07-01,2016-08-01,1467331200000,IDAHO_EPSCOR/TERRACLIMATE/201607,IDAHO_EPSCOR/TERRACLIMATE,2016,Beijing_buffer10km_bbox,boundary.geometry().buffer(1e4).bounds(),10000,FAO/GAUL/2015/level1,Beijing Shi,Beijing_TerraClimate_2016_bbox10km_wgs84_0p0416667deg_monthly_v1_1.tif,Float32,-9999,"0.1,0.1","0,0",true,degree_Celsius,source_masks_retained_then_export_nodata,UNKNOWN,"[0.041666666666666664,0,-180,0,-0.041666666666666664,90]",EPSG:4326,"[0.041666666666666664,0,-180,0,-0.041666666666666664,90]",fixed_WGS84_1_over_24_degree_origin_-180_90,0.041666666666666664,nearest_neighbor_to_fixed_WGS84_grid,climate_grid_not_MODIS_500m_information,aggregate_MODIS_phenology_to_TerraClimate_grid,IDAHO_EPSCOR/TERRACLIMATE/200101,1.1,2026-09-19T06:45:14.109Z
34,m07_ppt,ppt,pr,pr,7,2016-07-01,2016-08-01,1467331200000,IDAHO_EPSCOR/TERRACLIMATE/201607,IDAHO_EPSCOR/TERRACLIMATE,2016,Beijing_buffer10km_bbox,boundary.geometry().buffer(1e4).bounds(),10000,FAO/GAUL/2015/level1,Beijing Shi,Beijing_TerraClimate_2016_bbox10km_wgs84_0p0416667deg_monthly_v1_1.tif,Float32,-9999,1,0,true,mm_per_month,source_masks_retained_then_export_nodata,UNKNOWN,"[0.041666666666666664,0,-180,0,-0.041666666666666664,90]",EPSG:4326,"[0.041666666666666664,0,-180,0,-0.041666666666666664,90]",fixed_WGS84_1_over_24_degree_origin_-180_90,0.041666666666666664,nearest_neighbor_to_fixed_WGS84_grid,climate_grid_not_MODIS_500m_information,aggregate_MODIS_phenology_to_TerraClimate_grid,IDAHO_EPSCOR/TERRACLIMATE/200101,1.1,2026-09-19T06:45:14.109Z
35,m07_soil,soil,soil,soil * 0.1,7,2016-07-01,2016-08-01,1467331200000,IDAHO_EPSCOR/TERRACLIMATE/201607,IDAHO_EPSCOR/TERRACLIMATE,2016,Beijing_buffer10km_bbox,boundary.geometry().buffer(1e4).bounds(),10000,FAO/GAUL/2015/level1,Beijing Shi,Beijing_TerraClimate_2016_bbox10km_wgs84_0p0416667deg_monthly_v1_1.tif,Float32,-9999,0.1,0,true,mm,source_masks_retained_then_export_nodata,UNKNOWN,"[0.041666666666666664,0,-180,0,-0.041666666666666664,90]",EPSG:4326,"[0.041666666666666664,0,-180,0,-0.041666666666666664,90]",fixed_WGS84_1_over_24_degree_origin_-180_90,0.041666666666666664,nearest_neighbor_to_fixed_WGS84_grid,climate_grid_not_MODIS_500m_information,aggregate_MODIS_phenology_to_TerraClimate_grid,IDAHO_EPSCOR/TERRACLIMATE/200101,1.1,2026-09-19T06:45:14.109Z
36,m08_tmin,tmin,tmmn,tmmn * 0.1,8,2016-08-01,2016-09-01,1470009600000,IDAHO_EPSCOR/TERRACLIMATE/201608,IDAHO_EPSCOR/TERRACLIMATE,2016,Beijing_buffer10km_bbox,boundary.geometry().buffer(1e4).bounds(),10000,FAO/GAUL/2015/level1,Beijing Shi,Beijing_TerraClimate_2016_bbox10km_wgs84_0p0416667deg_monthly_v1_1.tif,Float32,-9999,0.1,0,true,degree_Celsius,source_masks_retained_then_export_nodata,UNKNOWN,"[0.041666666666666664,0,-180,0,-0.041666666666666664,90]",EPSG:4326,"[0.041666666666666664,0,-180,0,-0.041666666666666664,90]",fixed_WGS84_1_over_24_degree_origin_-180_90,0.041666666666666664,nearest_neighbor_to_fixed_WGS84_grid,climate_grid_not_MODIS_500m_information,aggregate_MODIS_phenology_to_TerraClimate_grid,IDAHO_EPSCOR/TERRACLIMATE/200101,1.1,2026-09-19T06:45:14.109Z
37,m08_tmax,tmax,tmmx,tmmx * 0.1,8,2016-08-01,2016-09-01,1470009600000,IDAHO_EPSCOR/TERRACLIMATE/201608,IDAHO_EPSCOR/TERRACLIMATE,2016,Beijing_buffer10km_bbox,boundary.geometry().buffer(1e4).bounds(),10000,FAO/GAUL/2015/level1,Beijing Shi,Beijing_TerraClimate_2016_bbox10km_wgs84_0p0416667deg_monthly_v1_1.tif,Float32,-9999,0.1,0,true,degree_Celsius,source_masks_retained_then_export_nodata,UNKNOWN,"[0.041666666666666664,0,-180,0,-0.041666666666666664,90]",EPSG:4326,"[0.041666666666666664,0,-180,0,-0.041666666666666664,90]",fixed_WGS84_1_over_24_degree_origin_-180_90,0.041666666666666664,nearest_neighbor_to_fixed_WGS84_grid,climate_grid_not_MODIS_500m_information,aggregate_MODIS_phenology_to_TerraClimate_grid,IDAHO_EPSCOR/TERRACLIMATE/200101,1.1,2026-09-19T06:45:14.109Z
38,m08_tmean,tmean,"tmmn,tmmx",(tmmn * 0.1 + tmmx * 0.1) / 2,8,2016-08-01,2016-09-01,1470009600000,IDAHO_EPSCOR/TERRACLIMATE/201608,IDAHO_EPSCOR/TERRACLIMATE,2016,Beijing_buffer10km_bbox,boundary.geometry().buffer(1e4).bounds(),10000,FAO/GAUL/2015/level1,Beijing Shi,Beijing_TerraClimate_2016_bbox10km_wgs84_0p0416667deg_monthly_v1_1.tif,Float32,-9999,"0.1,0.1","0,0",true,degree_Celsius,source_masks_retained_then_export_nodata,UNKNOWN,"[0.041666666666666664,0,-180,0,-0.041666666666666664,90]",EPSG:4326,"[0.041666666666666664,0,-180,0,-0.041666666666666664,90]",fixed_WGS84_1_over_24_degree_origin_-180_90,0.041666666666666664,nearest_neighbor_to_fixed_WGS84_grid,climate_grid_not_MODIS_500m_information,aggregate_MODIS_phenology_to_TerraClimate_grid,IDAHO_EPSCOR/TERRACLIMATE/200101,1.1,2026-09-19T06:45:14.109Z
39,m08_ppt,ppt,pr,pr,8,2016-08-01,2016-09-01,1470009600000,IDAHO_EPSCOR/TERRACLIMATE/201608,IDAHO_EPSCOR/TERRACLIMATE,2016,Beijing_buffer10km_bbox,boundary.geometry().buffer(1e4).bounds(),10000,FAO/GAUL/2015/level1,Beijing Shi,Beijing_TerraClimate_2016_bbox10km_wgs84_0p0416667deg_monthly_v1_1.tif,Float32,-9999,1,0,true,mm_per_month,source_masks_retained_then_export_nodata,UNKNOWN,"[0.041666666666666664,0,-180,0,-0.041666666666666664,90]",EPSG:4326,"[0.041666666666666664,0,-180,0,-0.041666666666666664,90]",fixed_WGS84_1_over_24_degree_origin_-180_90,0.041666666666666664,nearest_neighbor_to_fixed_WGS84_grid,climate_grid_not_MODIS_500m_information,aggregate_MODIS_phenology_to_TerraClimate_grid,IDAHO_EPSCOR/TERRACLIMATE/200101,1.1,2026-09-19T06:45:14.109Z
40,m08_soil,soil,soil,soil * 0.1,8,2016-08-01,2016-09-01,1470009600000,IDAHO_EPSCOR/TERRACLIMATE/201608,IDAHO_EPSCOR/TERRACLIMATE,2016,Beijing_buffer10km_bbox,boundary.geometry().buffer(1e4).bounds(),10000,FAO/GAUL/2015/level1,Beijing Shi,Beijing_TerraClimate_2016_bbox10km_wgs84_0p0416667deg_monthly_v1_1.tif,Float32,-9999,0.1,0,true,mm,source_masks_retained_then_export_nodata,UNKNOWN,"[0.041666666666666664,0,-180,0,-0.041666666666666664,90]",EPSG:4326,"[0.041666666666666664,0,-180,0,-0.041666666666666664,90]",fixed_WGS84_1_over_24_degree_origin_-180_90,0.041666666666666664,nearest_neighbor_to_fixed_WGS84_grid,climate_grid_not_MODIS_500m_information,aggregate_MODIS_phenology_to_TerraClimate_grid,IDAHO_EPSCOR/TERRACLIMATE/200101,1.1,2026-09-19T06:45:14.109Z
41,m09_tmin,tmin,tmmn,tmmn * 0.1,9,2016-09-01,2016-10-01,1472688000000,IDAHO_EPSCOR/TERRACLIMATE/201609,IDAHO_EPSCOR/TERRACLIMATE,2016,Beijing_buffer10km_bbox,boundary.geometry().buffer(1e4).bounds(),10000,FAO/GAUL/2015/level1,Beijing Shi,Beijing_TerraClimate_2016_bbox10km_wgs84_0p0416667deg_monthly_v1_1.tif,Float32,-9999,0.1,0,true,degree_Celsius,source_masks_retained_then_export_nodata,UNKNOWN,"[0.041666666666666664,0,-180,0,-0.041666666666666664,90]",EPSG:4326,"[0.041666666666666664,0,-180,0,-0.041666666666666664,90]",fixed_WGS84_1_over_24_degree_origin_-180_90,0.041666666666666664,nearest_neighbor_to_fixed_WGS84_grid,climate_grid_not_MODIS_500m_information,aggregate_MODIS_phenology_to_TerraClimate_grid,IDAHO_EPSCOR/TERRACLIMATE/200101,1.1,2026-09-19T06:45:14.109Z
42,m09_tmax,tmax,tmmx,tmmx * 0.1,9,2016-09-01,2016-10-01,1472688000000,IDAHO_EPSCOR/TERRACLIMATE/201609,IDAHO_EPSCOR/TERRACLIMATE,2016,Beijing_buffer10km_bbox,boundary.geometry().buffer(1e4).bounds(),10000,FAO/GAUL/2015/level1,Beijing Shi,Beijing_TerraClimate_2016_bbox10km_wgs84_0p0416667deg_monthly_v1_1.tif,Float32,-9999,0.1,0,true,degree_Celsius,source_masks_retained_then_export_nodata,UNKNOWN,"[0.041666666666666664,0,-180,0,-0.041666666666666664,90]",EPSG:4326,"[0.041666666666666664,0,-180,0,-0.041666666666666664,90]",fixed_WGS84_1_over_24_degree_origin_-180_90,0.041666666666666664,nearest_neighbor_to_fixed_WGS84_grid,climate_grid_not_MODIS_500m_information,aggregate_MODIS_phenology_to_TerraClimate_grid,IDAHO_EPSCOR/TERRACLIMATE/200101,1.1,2026-09-19T06:45:14.109Z
43,m09_tmean,tmean,"tmmn,tmmx",(tmmn * 0.1 + tmmx * 0.1) / 2,9,2016-09-01,2016-10-01,1472688000000,IDAHO_EPSCOR/TERRACLIMATE/201609,IDAHO_EPSCOR/TERRACLIMATE,2016,Beijing_buffer10km_bbox,boundary.geometry().buffer(1e4).bounds(),10000,FAO/GAUL/2015/level1,Beijing Shi,Beijing_TerraClimate_2016_bbox10km_wgs84_0p0416667deg_monthly_v1_1.tif,Float32,-9999,"0.1,0.1","0,0",true,degree_Celsius,source_masks_retained_then_export_nodata,UNKNOWN,"[0.041666666666666664,0,-180,0,-0.041666666666666664,90]",EPSG:4326,"[0.041666666666666664,0,-180,0,-0.041666666666666664,90]",fixed_WGS84_1_over_24_degree_origin_-180_90,0.041666666666666664,nearest_neighbor_to_fixed_WGS84_grid,climate_grid_not_MODIS_500m_information,aggregate_MODIS_phenology_to_TerraClimate_grid,IDAHO_EPSCOR/TERRACLIMATE/200101,1.1,2026-09-19T06:45:14.109Z
44,m09_ppt,ppt,pr,pr,9,2016-09-01,2016-10-01,1472688000000,IDAHO_EPSCOR/TERRACLIMATE/201609,IDAHO_EPSCOR/TERRACLIMATE,2016,Beijing_buffer10km_bbox,boundary.geometry().buffer(1e4).bounds(),10000,FAO/GAUL/2015/level1,Beijing Shi,Beijing_TerraClimate_2016_bbox10km_wgs84_0p0416667deg_monthly_v1_1.tif,Float32,-9999,1,0,true,mm_per_month,source_masks_retained_then_export_nodata,UNKNOWN,"[0.041666666666666664,0,-180,0,-0.041666666666666664,90]",EPSG:4326,"[0.041666666666666664,0,-180,0,-0.041666666666666664,90]",fixed_WGS84_1_over_24_degree_origin_-180_90,0.041666666666666664,nearest_neighbor_to_fixed_WGS84_grid,climate_grid_not_MODIS_500m_information,aggregate_MODIS_phenology_to_TerraClimate_grid,IDAHO_EPSCOR/TERRACLIMATE/200101,1.1,2026-09-19T06:45:14.109Z
45,m09_soil,soil,soil,soil * 0.1,9,2016-09-01,2016-10-01,1472688000000,IDAHO_EPSCOR/TERRACLIMATE/201609,IDAHO_EPSCOR/TERRACLIMATE,2016,Beijing_buffer10km_bbox,boundary.geometry().buffer(1e4).bounds(),10000,FAO/GAUL/2015/level1,Beijing Shi,Beijing_TerraClimate_2016_bbox10km_wgs84_0p0416667deg_monthly_v1_1.tif,Float32,-9999,0.1,0,true,mm,source_masks_retained_then_export_nodata,UNKNOWN,"[0.041666666666666664,0,-180,0,-0.041666666666666664,90]",EPSG:4326,"[0.041666666666666664,0,-180,0,-0.041666666666666664,90]",fixed_WGS84_1_over_24_degree_origin_-180_90,0.041666666666666664,nearest_neighbor_to_fixed_WGS84_grid,climate_grid_not_MODIS_500m_information,aggregate_MODIS_phenology_to_TerraClimate_grid,IDAHO_EPSCOR/TERRACLIMATE/200101,1.1,2026-09-19T06:45:14.109Z
46,m10_tmin,tmin,tmmn,tmmn * 0.1,10,2016-10-01,2016-11-01,1475280000000,IDAHO_EPSCOR/TERRACLIMATE/201610,IDAHO_EPSCOR/TERRACLIMATE,2016,Beijing_buffer10km_bbox,boundary.geometry().buffer(1e4).bounds(),10000,FAO/GAUL/2015/level1,Beijing Shi,Beijing_TerraClimate_2016_bbox10km_wgs84_0p0416667deg_monthly_v1_1.tif,Float32,-9999,0.1,0,true,degree_Celsius,source_masks_retained_then_export_nodata,UNKNOWN,"[0.041666666666666664,0,-180,0,-0.041666666666666664,90]",EPSG:4326,"[0.041666666666666664,0,-180,0,-0.041666666666666664,90]",fixed_WGS84_1_over_24_degree_origin_-180_90,0.041666666666666664,nearest_neighbor_to_fixed_WGS84_grid,climate_grid_not_MODIS_500m_information,aggregate_MODIS_phenology_to_TerraClimate_grid,IDAHO_EPSCOR/TERRACLIMATE/200101,1.1,2026-09-19T06:45:14.109Z
47,m10_tmax,tmax,tmmx,tmmx * 0.1,10,2016-10-01,2016-11-01,1475280000000,IDAHO_EPSCOR/TERRACLIMATE/201610,IDAHO_EPSCOR/TERRACLIMATE,2016,Beijing_buffer10km_bbox,boundary.geometry().buffer(1e4).bounds(),10000,FAO/GAUL/2015/level1,Beijing Shi,Beijing_TerraClimate_2016_bbox10km_wgs84_0p0416667deg_monthly_v1_1.tif,Float32,-9999,0.1,0,true,degree_Celsius,source_masks_retained_then_export_nodata,UNKNOWN,"[0.041666666666666664,0,-180,0,-0.041666666666666664,90]",EPSG:4326,"[0.041666666666666664,0,-180,0,-0.041666666666666664,90]",fixed_WGS84_1_over_24_degree_origin_-180_90,0.041666666666666664,nearest_neighbor_to_fixed_WGS84_grid,climate_grid_not_MODIS_500m_information,aggregate_MODIS_phenology_to_TerraClimate_grid,IDAHO_EPSCOR/TERRACLIMATE/200101,1.1,2026-09-19T06:45:14.109Z
48,m10_tmean,tmean,"tmmn,tmmx",(tmmn * 0.1 + tmmx * 0.1) / 2,10,2016-10-01,2016-11-01,1475280000000,IDAHO_EPSCOR/TERRACLIMATE/201610,IDAHO_EPSCOR/TERRACLIMATE,2016,Beijing_buffer10km_bbox,boundary.geometry().buffer(1e4).bounds(),10000,FAO/GAUL/2015/level1,Beijing Shi,Beijing_TerraClimate_2016_bbox10km_wgs84_0p0416667deg_monthly_v1_1.tif,Float32,-9999,"0.1,0.1","0,0",true,degree_Celsius,source_masks_retained_then_export_nodata,UNKNOWN,"[0.041666666666666664,0,-180,0,-0.041666666666666664,90]",EPSG:4326,"[0.041666666666666664,0,-180,0,-0.041666666666666664,90]",fixed_WGS84_1_over_24_degree_origin_-180_90,0.041666666666666664,nearest_neighbor_to_fixed_WGS84_grid,climate_grid_not_MODIS_500m_information,aggregate_MODIS_phenology_to_TerraClimate_grid,IDAHO_EPSCOR/TERRACLIMATE/200101,1.1,2026-09-19T06:45:14.109Z
49,m10_ppt,ppt,pr,pr,10,2016-10-01,2016-11-01,1475280000000,IDAHO_EPSCOR/TERRACLIMATE/201610,IDAHO_EPSCOR/TERRACLIMATE,2016,Beijing_buffer10km_bbox,boundary.geometry().buffer(1e4).bounds(),10000,FAO/GAUL/2015/level1,Beijing Shi,Beijing_TerraClimate_2016_bbox10km_wgs84_0p0416667deg_monthly_v1_1.tif,Float32,-9999,1,0,true,mm_per_month,source_masks_retained_then_export_nodata,UNKNOWN,"[0.041666666666666664,0,-180,0,-0.041666666666666664,90]",EPSG:4326,"[0.041666666666666664,0,-180,0,-0.041666666666666664,90]",fixed_WGS84_1_over_24_degree_origin_-180_90,0.041666666666666664,nearest_neighbor_to_fixed_WGS84_grid,climate_grid_not_MODIS_500m_information,aggregate_MODIS_phenology_to_TerraClimate_grid,IDAHO_EPSCOR/TERRACLIMATE/200101,1.1,2026-09-19T06:45:14.109Z
50,m10_soil,soil,soil,soil * 0.1,10,2016-10-01,2016-11-01,1475280000000,IDAHO_EPSCOR/TERRACLIMATE/201610,IDAHO_EPSCOR/TERRACLIMATE,2016,Beijing_buffer10km_bbox,boundary.geometry().buffer(1e4).bounds(),10000,FAO/GAUL/2015/level1,Beijing Shi,Beijing_TerraClimate_2016_bbox10km_wgs84_0p0416667deg_monthly_v1_1.tif,Float32,-9999,0.1,0,true,mm,source_masks_retained_then_export_nodata,UNKNOWN,"[0.041666666666666664,0,-180,0,-0.041666666666666664,90]",EPSG:4326,"[0.041666666666666664,0,-180,0,-0.041666666666666664,90]",fixed_WGS84_1_over_24_degree_origin_-180_90,0.041666666666666664,nearest_neighbor_to_fixed_WGS84_grid,climate_grid_not_MODIS_500m_information,aggregate_MODIS_phenology_to_TerraClimate_grid,IDAHO_EPSCOR/TERRACLIMATE/200101,1.1,2026-09-19T06:45:14.109Z
51,m11_tmin,tmin,tmmn,tmmn * 0.1,11,2016-11-01,2016-12-01,1477958400000,IDAHO_EPSCOR/TERRACLIMATE/201611,IDAHO_EPSCOR/TERRACLIMATE,2016,Beijing_buffer10km_bbox,boundary.geometry().buffer(1e4).bounds(),10000,FAO/GAUL/2015/level1,Beijing Shi,Beijing_TerraClimate_2016_bbox10km_wgs84_0p0416667deg_monthly_v1_1.tif,Float32,-9999,0.1,0,true,degree_Celsius,source_masks_retained_then_export_nodata,UNKNOWN,"[0.041666666666666664,0,-180,0,-0.041666666666666664,90]",EPSG:4326,"[0.041666666666666664,0,-180,0,-0.041666666666666664,90]",fixed_WGS84_1_over_24_degree_origin_-180_90,0.041666666666666664,nearest_neighbor_to_fixed_WGS84_grid,climate_grid_not_MODIS_500m_information,aggregate_MODIS_phenology_to_TerraClimate_grid,IDAHO_EPSCOR/TERRACLIMATE/200101,1.1,2026-09-19T06:45:14.109Z
52,m11_tmax,tmax,tmmx,tmmx * 0.1,11,2016-11-01,2016-12-01,1477958400000,IDAHO_EPSCOR/TERRACLIMATE/201611,IDAHO_EPSCOR/TERRACLIMATE,2016,Beijing_buffer10km_bbox,boundary.geometry().buffer(1e4).bounds(),10000,FAO/GAUL/2015/level1,Beijing Shi,Beijing_TerraClimate_2016_bbox10km_wgs84_0p0416667deg_monthly_v1_1.tif,Float32,-9999,0.1,0,true,degree_Celsius,source_masks_retained_then_export_nodata,UNKNOWN,"[0.041666666666666664,0,-180,0,-0.041666666666666664,90]",EPSG:4326,"[0.041666666666666664,0,-180,0,-0.041666666666666664,90]",fixed_WGS84_1_over_24_degree_origin_-180_90,0.041666666666666664,nearest_neighbor_to_fixed_WGS84_grid,climate_grid_not_MODIS_500m_information,aggregate_MODIS_phenology_to_TerraClimate_grid,IDAHO_EPSCOR/TERRACLIMATE/200101,1.1,2026-09-19T06:45:14.109Z
53,m11_tmean,tmean,"tmmn,tmmx",(tmmn * 0.1 + tmmx * 0.1) / 2,11,2016-11-01,2016-12-01,1477958400000,IDAHO_EPSCOR/TERRACLIMATE/201611,IDAHO_EPSCOR/TERRACLIMATE,2016,Beijing_buffer10km_bbox,boundary.geometry().buffer(1e4).bounds(),10000,FAO/GAUL/2015/level1,Beijing Shi,Beijing_TerraClimate_2016_bbox10km_wgs84_0p0416667deg_monthly_v1_1.tif,Float32,-9999,"0.1,0.1","0,0",true,degree_Celsius,source_masks_retained_then_export_nodata,UNKNOWN,"[0.041666666666666664,0,-180,0,-0.041666666666666664,90]",EPSG:4326,"[0.041666666666666664,0,-180,0,-0.041666666666666664,90]",fixed_WGS84_1_over_24_degree_origin_-180_90,0.041666666666666664,nearest_neighbor_to_fixed_WGS84_grid,climate_grid_not_MODIS_500m_information,aggregate_MODIS_phenology_to_TerraClimate_grid,IDAHO_EPSCOR/TERRACLIMATE/200101,1.1,2026-09-19T06:45:14.109Z
54,m11_ppt,ppt,pr,pr,11,2016-11-01,2016-12-01,1477958400000,IDAHO_EPSCOR/TERRACLIMATE/201611,IDAHO_EPSCOR/TERRACLIMATE,2016,Beijing_buffer10km_bbox,boundary.geometry().buffer(1e4).bounds(),10000,FAO/GAUL/2015/level1,Beijing Shi,Beijing_TerraClimate_2016_bbox10km_wgs84_0p0416667deg_monthly_v1_1.tif,Float32,-9999,1,0,true,mm_per_month,source_masks_retained_then_export_nodata,UNKNOWN,"[0.041666666666666664,0,-180,0,-0.041666666666666664,90]",EPSG:4326,"[0.041666666666666664,0,-180,0,-0.041666666666666664,90]",fixed_WGS84_1_over_24_degree_origin_-180_90,0.041666666666666664,nearest_neighbor_to_fixed_WGS84_grid,climate_grid_not_MODIS_500m_information,aggregate_MODIS_phenology_to_TerraClimate_grid,IDAHO_EPSCOR/TERRACLIMATE/200101,1.1,2026-09-19T06:45:14.109Z
55,m11_soil,soil,soil,soil * 0.1,11,2016-11-01,2016-12-01,1477958400000,IDAHO_EPSCOR/TERRACLIMATE/201611,IDAHO_EPSCOR/TERRACLIMATE,2016,Beijing_buffer10km_bbox,boundary.geometry().buffer(1e4).bounds(),10000,FAO/GAUL/2015/level1,Beijing Shi,Beijing_TerraClimate_2016_bbox10km_wgs84_0p0416667deg_monthly_v1_1.tif,Float32,-9999,0.1,0,true,mm,source_masks_retained_then_export_nodata,UNKNOWN,"[0.041666666666666664,0,-180,0,-0.041666666666666664,90]",EPSG:4326,"[0.041666666666666664,0,-180,0,-0.041666666666666664,90]",fixed_WGS84_1_over_24_degree_origin_-180_90,0.041666666666666664,nearest_neighbor_to_fixed_WGS84_grid,climate_grid_not_MODIS_500m_information,aggregate_MODIS_phenology_to_TerraClimate_grid,IDAHO_EPSCOR/TERRACLIMATE/200101,1.1,2026-09-19T06:45:14.109Z
56,m12_tmin,tmin,tmmn,tmmn * 0.1,12,2016-12-01,2017-01-01,1480550400000,IDAHO_EPSCOR/TERRACLIMATE/201612,IDAHO_EPSCOR/TERRACLIMATE,2016,Beijing_buffer10km_bbox,boundary.geometry().buffer(1e4).bounds(),10000,FAO/GAUL/2015/level1,Beijing Shi,Beijing_TerraClimate_2016_bbox10km_wgs84_0p0416667deg_monthly_v1_1.tif,Float32,-9999,0.1,0,true,degree_Celsius,source_masks_retained_then_export_nodata,UNKNOWN,"[0.041666666666666664,0,-180,0,-0.041666666666666664,90]",EPSG:4326,"[0.041666666666666664,0,-180,0,-0.041666666666666664,90]",fixed_WGS84_1_over_24_degree_origin_-180_90,0.041666666666666664,nearest_neighbor_to_fixed_WGS84_grid,climate_grid_not_MODIS_500m_information,aggregate_MODIS_phenology_to_TerraClimate_grid,IDAHO_EPSCOR/TERRACLIMATE/200101,1.1,2026-09-19T06:45:14.109Z
57,m12_tmax,tmax,tmmx,tmmx * 0.1,12,2016-12-01,2017-01-01,1480550400000,IDAHO_EPSCOR/TERRACLIMATE/201612,IDAHO_EPSCOR/TERRACLIMATE,2016,Beijing_buffer10km_bbox,boundary.geometry().buffer(1e4).bounds(),10000,FAO/GAUL/2015/level1,Beijing Shi,Beijing_TerraClimate_2016_bbox10km_wgs84_0p0416667deg_monthly_v1_1.tif,Float32,-9999,0.1,0,true,degree_Celsius,source_masks_retained_then_export_nodata,UNKNOWN,"[0.041666666666666664,0,-180,0,-0.041666666666666664,90]",EPSG:4326,"[0.041666666666666664,0,-180,0,-0.041666666666666664,90]",fixed_WGS84_1_over_24_degree_origin_-180_90,0.041666666666666664,nearest_neighbor_to_fixed_WGS84_grid,climate_grid_not_MODIS_500m_information,aggregate_MODIS_phenology_to_TerraClimate_grid,IDAHO_EPSCOR/TERRACLIMATE/200101,1.1,2026-09-19T06:45:14.109Z
58,m12_tmean,tmean,"tmmn,tmmx",(tmmn * 0.1 + tmmx * 0.1) / 2,12,2016-12-01,2017-01-01,1480550400000,IDAHO_EPSCOR/TERRACLIMATE/201612,IDAHO_EPSCOR/TERRACLIMATE,2016,Beijing_buffer10km_bbox,boundary.geometry().buffer(1e4).bounds(),10000,FAO/GAUL/2015/level1,Beijing Shi,Beijing_TerraClimate_2016_bbox10km_wgs84_0p0416667deg_monthly_v1_1.tif,Float32,-9999,"0.1,0.1","0,0",true,degree_Celsius,source_masks_retained_then_export_nodata,UNKNOWN,"[0.041666666666666664,0,-180,0,-0.041666666666666664,90]",EPSG:4326,"[0.041666666666666664,0,-180,0,-0.041666666666666664,90]",fixed_WGS84_1_over_24_degree_origin_-180_90,0.041666666666666664,nearest_neighbor_to_fixed_WGS84_grid,climate_grid_not_MODIS_500m_information,aggregate_MODIS_phenology_to_TerraClimate_grid,IDAHO_EPSCOR/TERRACLIMATE/200101,1.1,2026-09-19T06:45:14.109Z
59,m12_ppt,ppt,pr,pr,12,2016-12-01,2017-01-01,1480550400000,IDAHO_EPSCOR/TERRACLIMATE/201612,IDAHO_EPSCOR/TERRACLIMATE,2016,Beijing_buffer10km_bbox,boundary.geometry().buffer(1e4).bounds(),10000,FAO/GAUL/2015/level1,Beijing Shi,Beijing_TerraClimate_2016_bbox10km_wgs84_0p0416667deg_monthly_v1_1.tif,Float32,-9999,1,0,true,mm_per_month,source_masks_retained_then_export_nodata,UNKNOWN,"[0.041666666666666664,0,-180,0,-0.041666666666666664,90]",EPSG:4326,"[0.041666666666666664,0,-180,0,-0.041666666666666664,90]",fixed_WGS84_1_over_24_degree_origin_-180_90,0.041666666666666664,nearest_neighbor_to_fixed_WGS84_grid,climate_grid_not_MODIS_500m_information,aggregate_MODIS_phenology_to_TerraClimate_grid,IDAHO_EPSCOR/TERRACLIMATE/200101,1.1,2026-09-19T06:45:14.109Z
60,m12_soil,soil,soil,soil * 0.1,12,2016-12-01,2017-01-01,1480550400000,IDAHO_EPSCOR/TERRACLIMATE/201612,IDAHO_EPSCOR/TERRACLIMATE,2016,Beijing_buffer10km_bbox,boundary.geometry().buffer(1e4).bounds(),10000,FAO/GAUL/2015/level1,Beijing Shi,Beijing_TerraClimate_2016_bbox10km_wgs84_0p0416667deg_monthly_v1_1.tif,Float32,-9999,0.1,0,true,mm,source_masks_retained_then_export_nodata,UNKNOWN,"[0.041666666666666664,0,-180,0,-0.041666666666666664,90]",EPSG:4326,"[0.041666666666666664,0,-180,0,-0.041666666666666664,90]",fixed_WGS84_1_over_24_degree_origin_-180_90,0.041666666666666664,nearest_neighbor_to_fixed_WGS84_grid,climate_grid_not_MODIS_500m_information,aggregate_MODIS_phenology_to_TerraClimate_grid,IDAHO_EPSCOR/TERRACLIMATE/200101,1.1,2026-09-19T06:45:14.109Z
